n_features,ratio,noise_std,solver,registered_count,complete_count,failed_count,train_signal_mse_count,train_signal_mse_mean,train_signal_mse_std,train_observed_mse_count,train_observed_mse_mean,train_observed_mse_std,validation_signal_mse_count,validation_signal_mse_mean,validation_signal_mse_std,validation_observed_mse_count,validation_observed_mse_mean,validation_observed_mse_std,test_signal_mse_count,test_signal_mse_mean,test_signal_mse_std,test_observed_mse_count,test_observed_mse_mean,test_observed_mse_std,coefficient_norm_count,coefficient_norm_mean,coefficient_norm_std,relative_residual_count,relative_residual_mean,relative_residual_std,numerical_rank_count,numerical_rank_mean,numerical_rank_std,condition_number_count,condition_number_mean,condition_number_std
64,0.0625,0.0,minimum_norm,10,10,0,10,0.0992600083389865,0.021784618231463812,10,0.0992600083389865,0.021784618231463812,10,0.13312413413227064,0.028533482243712997,10,0.13312413413227064,0.028533482243712997,10,0.13351365098361417,0.029652413980215578,10,0.13351365098361417,0.029652413980215578,10,10.797964231640952,2.5831815839411454,10,0.30780500110422493,0.03434749232166639,10,64.0,0.0,10,76.58095406986052,21.26256234810095
64,0.0625,0.0,ridge,10,10,0,10,0.10093709607849521,0.021967333201867816,10,0.10093709607849521,0.021967333201867816,10,0.13107739603404983,0.028427434402768913,10,0.13107739603404983,0.028427434402768913,10,0.13187132486065115,0.02966439095989166,10,0.13187132486065115,0.02966439095989166,10,8.673209758503793,1.664139010435738,10,0.31042203294405135,0.03436049641138099,10,64.0,0.0,10,76.58095406986052,21.26256234810095
64,0.0625,0.3,minimum_norm,10,10,0,10,0.10563847794044386,0.022002838554427608,10,0.16963107329208052,0.02068683517743204,10,0.13775608379310877,0.028845649004230017,10,0.22821003074430327,0.029352989608228283,10,0.13932095037823172,0.030161855230706216,10,0.23160930438968555,0.03075418087983344,10,10.716724706649874,2.4877937022823575,10,0.39608639536409906,0.024191751778073527,10,64.0,0.0,10,76.58095406986052,21.26256234810095
64,0.0625,0.3,ridge,10,10,0,10,0.10693398289776668,0.022269797208714935,10,0.17127854587783237,0.020725852199340426,10,0.13535851541366858,0.028977447959005937,10,0.22558078884630772,0.029393485053983977,10,0.13711374232346593,0.030412546469314405,10,0.22935299112596425,0.03095490437999189,10,8.591824599792922,1.604755862016938,10,0.39801582608827246,0.02411415225494615,10,64.0,0.0,10,76.58095406986052,21.26256234810095
128,0.125,0.0,minimum_norm,10,10,0,10,0.04767331810355089,0.007453050724025961,10,0.04767331810355089,0.007453050724025961,10,0.08761671420813659,0.016628911438866033,10,0.08761671420813659,0.016628911438866033,10,0.08576661749613673,0.016375440886903556,10,0.08576661749613673,0.016375440886903556,10,20.94102847681241,4.1563588232807245,10,0.21388548098598728,0.01723226597752846,10,128.0,0.0,10,225.1417758945708,65.57559259645026
128,0.125,0.0,ridge,10,10,0,10,0.05484984428126431,0.008746889166767089,10,0.05484984428126431,0.008746889166767089,10,0.08505387326706282,0.014958019329507462,10,0.08505387326706282,0.014958019329507462,10,0.08432328563569155,0.015550795364532816,10,0.08432328563569155,0.015550795364532816,10,10.37749783584485,0.7037395520874686,10,0.22941238087679613,0.018588905102550794,10,128.0,0.0,10,225.1417758945708,65.57559259645026
128,0.125,0.3,minimum_norm,10,10,0,10,0.05996286447275976,0.007934687397015595,10,0.11626210886628759,0.008152696367245122,10,0.09994402389769033,0.01885851624404668,10,0.19126552829169166,0.019761076828721136,10,0.09924015016374405,0.0189537962980095,10,0.191638868969875,0.019043402945199697,10,22.874943686916218,4.292148112831792,10,0.3282761950861657,0.011620428895328917,10,128.0,0.0,10,225.1417758945708,65.57559259645026
128,0.125,0.3,ridge,10,10,0,10,0.06367607348513642,0.00905550016182371,10,0.12466018865480737,0.009212028200740468,10,0.09197438276338095,0.015866814962373733,10,0.18292023686545017,0.016558562140990017,10,0.09236256894473907,0.01684470650507946,10,0.18458868644783313,0.01706784846032923,10,10.65824877775721,0.7228293431320049,10,0.33990755449141674,0.01259375920982431,10,128.0,0.0,10,225.1417758945708,65.57559259645026
256,0.25,0.0,minimum_norm,10,10,0,10,0.011403895300184501,0.002927640810495778,10,0.011403895300184501,0.002927640810495778,10,0.0444823894188256,0.009595526687121572,10,0.0444823894188256,0.009595526687121572,10,0.04229114389760704,0.009091880168512248,10,0.04229114389760704,0.009091880168512248,10,59.23089309149716,8.057258628110807,10,0.10405262194478213,0.014145435526263557,10,256.0,0.0,10,1021.9880122997035,138.5704875659739
256,0.25,0.0,ridge,10,10,0,10,0.03085529803822575,0.006650284027757493,10,0.03085529803822575,0.006650284027757493,10,0.05684972848733657,0.010338356351073129,10,0.05684972848733657,0.010338356351073129,10,0.056215720218691756,0.011524859156729598,10,0.056215720218691756,0.011524859156729598,10,12.371275612370939,0.7372991808441632,10,0.17167831245288415,0.01850135552324605,10,256.0,0.0,10,1021.9880122997035,138.5704875659739
256,0.25,0.3,minimum_norm,10,10,0,10,0.034637649526371536,0.0029799138621812702,10,0.06844788571617465,0.003503078172550212,10,0.09032243528946698,0.012260306084144903,10,0.17897366140181772,0.011661215375860295,10,0.0886947019039267,0.01110097626302353,10,0.18112060584784065,0.011242328241052904,10,76.06089861381616,10.364255956651613,10,0.251951172641569,0.006465903519695945,10,256.0,0.0,10,1021.9880122997035,138.5704875659739
256,0.25,0.3,ridge,10,10,0,10,0.041348527378601695,0.006449677606557728,10,0.09632060878985933,0.007272453690907458,10,0.06684964640148221,0.010148522277342167,10,0.15665666710800769,0.010179897696114912,10,0.06742990158646442,0.011524338597324567,10,0.15968107018320438,0.01163250061812891,10,13.268417148577488,0.7283714990657135,10,0.29877974563148146,0.01118060220506408,10,256.0,0.0,10,1021.9880122997035,138.5704875659739
384,0.375,0.0,minimum_norm,10,10,0,10,0.002331017523526256,0.0005496070191794677,10,0.002331017523526256,0.0005496070191794677,10,0.02312022142109223,0.006629568686353638,10,0.02312022142109223,0.006629568686353638,10,0.021474834563072233,0.005895091572429077,10,0.021474834563072233,0.005895091572429077,10,77.84161678439179,7.873983324457531,10,0.04709405460966258,0.005967186285130125,10,384.0,0.0,10,2908.3109449363365,604.9034617333397
384,0.375,0.0,ridge,10,10,0,10,0.020288582578558263,0.0038655073226778933,10,0.020288582578558263,0.0038655073226778933,10,0.0418956426547871,0.006751001442209606,10,0.0418956426547871,0.006751001442209606,10,0.0406475877829086,0.00741953918778206,10,0.0406475877829086,0.00741953918778206,10,12.845483143006849,0.6730757533921851,10,0.13939035903553215,0.013032190668109135,10,384.0,0.0,10,2908.3109449363365,604.9034617333397
384,0.375,0.3,minimum_norm,10,10,0,10,0.035726223277450266,0.0008908748818598854,10,0.05008758265388539,0.0010801184074626222,10,0.12389895647094376,0.01813194431497011,10,0.21196837515070857,0.01783439270428562,10,0.12054212238787607,0.011797804179486348,10,0.21310555798645286,0.012007999411767176,10,150.91009140514822,21.22685729101455,10,0.21557950364665612,0.0023187574366257805,10,384.0,0.0,10,2908.3109449363365,604.9034617333397
384,0.375,0.3,ridge,10,10,0,10,0.03146806305210623,0.0038806385778343737,10,0.0836503638416649,0.0046102722310535455,10,0.053510603899289265,0.007197763307728404,10,0.14304615102466442,0.007311475260903806,10,0.0532487627756667,0.007598340073742717,10,0.1454908056669258,0.007705337482067967,10,14.03069889735768,0.6301433670048661,10,0.2785180214084234,0.00760486867627042,10,384.0,0.0,10,2908.3109449363365,604.9034617333397
512,0.5,0.0,minimum_norm,10,10,0,10,0.0007734366991215451,0.00015978692700065007,10,0.0007734366991215451,0.00015978692700065007,10,0.018706611126762633,0.0045308234001872555,10,0.018706611126762633,0.0045308234001872555,10,0.017439016012511327,0.004459157098756408,10,0.017439016012511327,0.004459157098756408,10,97.70978218096752,11.511592158405021,10,0.027180425998760093,0.002933528245055173,10,512.0,0.0,10,6902.432864961697,673.7821109186114
512,0.5,0.0,ridge,10,10,0,10,0.016332207150510553,0.002982098842304066,10,0.016332207150510553,0.002982098842304066,10,0.03633709339417408,0.0053866210900865305,10,0.03633709339417408,0.0053866210900865305,10,0.034947876347614135,0.005547955129669716,10,0.034947876347614135,0.005547955129669716,10,13.066326692594796,0.5806628947707949,10,0.12510515474647504,0.011182114448818071,10,512.0,0.0,10,6902.432864961697,673.7821109186114
512,0.5,0.3,minimum_norm,10,10,0,10,0.04376894006739597,0.0009976663450374256,10,0.0389872585957228,0.001208504027262926,10,0.2444918046969488,0.02064389386309967,10,0.3301338383275618,0.019545578158433885,10,0.24186069923703873,0.01848623773460333,10,0.33387219995215994,0.01881542983317769,10,342.3305267976832,34.56872860241541,10,0.19018639800094736,0.002947527836647746,10,512.0,0.0,10,6902.432864961697,673.7821109186114
512,0.5,0.3,ridge,10,10,0,10,0.028127756312548095,0.002978186858020306,10,0.07799986603721813,0.0032257562506213134,10,0.04859350560463582,0.005507600883558855,10,0.1383139016609755,0.005389926314510214,10,0.04805157653149205,0.005645279815501572,10,0.14033532325111112,0.005879855372469802,10,14.41701947069502,0.5037338402641564,10,0.2689857683101577,0.005532673847498175,10,512.0,0.0,10,6902.432864961697,673.7821109186114
768,0.75,0.0,minimum_norm,10,10,0,10,7.222121703883421e-05,1.2871407910476548e-05,10,7.222121703883421e-05,1.2871407910476548e-05,10,0.018326677376795643,0.005404487365447517,10,0.018326677376795643,0.005404487365447517,10,0.018212552781902203,0.004705100022237849,10,0.018212552781902203,0.004705100022237849,10,208.68111650217452,33.922212019589345,10,0.00831939307619035,0.0007420462757907969,10,768.0,0.0,10,42611.400352757286,5589.4236756136725
768,0.75,0.0,ridge,10,10,0,10,0.011787893677676024,0.0025189568543548023,10,0.011787893677676024,0.0025189568543548023,10,0.029171029794305116,0.0057554266724037725,10,0.029171029794305116,0.0057554266724037725,10,0.02790484903191106,0.005767011432453482,10,0.02790484903191106,0.005767011432453482,10,12.992037215135884,0.5328262860459911,10,0.10612601770643633,0.011300712320420495,10,768.0,0.0,10,42611.400352757286,5589.4236756136725
768,0.75,0.3,minimum_norm,10,10,0,10,0.06240061878900273,0.001091757976087693,10,0.019125393733904074,0.0010999452152774265,10,1.793642128284235,0.14474583515830985,10,1.8904810155794334,0.14375055364476938,10,1.7460637088079742,0.21413122483234326,10,1.8363649732881648,0.2124308104873628,10,1997.1417835705038,248.32117479184618,10,0.13317163288982084,0.0037933022545447283,10,768.0,0.0,10,42611.400352757286,5589.4236756136725
768,0.75,0.3,ridge,10,10,0,10,0.024314814813087074,0.002673530487528479,10,0.07145384625486133,0.003146888304210338,10,0.042765958671290356,0.005268410920854166,10,0.13221828313792267,0.005362064945680594,10,0.04189215457936908,0.00562410053799877,10,0.13422990518982247,0.0056385610212010785,10,14.57673151113118,0.41721470940894984,10,0.2574453109267549,0.00561237001159801,10,768.0,0.0,10,42611.400352757286,5589.4236756136725
896,0.875,0.0,minimum_norm,10,10,0,10,1.60980282058455e-05,3.6081042456290205e-06,10,1.60980282058455e-05,3.6081042456290205e-06,10,0.025731043559701534,0.006662872366197333,10,0.025731043559701534,0.006662872366197333,10,0.025764791171526115,0.007282161046228572,10,0.025764791171526115,0.007282161046228572,10,333.36358846885776,59.97154425554831,10,0.003915612319043234,0.00047817507827341586,10,896.0,0.0,10,126415.82782553602,13234.477762560686
896,0.875,0.0,ridge,10,10,0,10,0.010052029776238525,0.00223947661651879,10,0.010052029776238525,0.00223947661651879,10,0.026250358845885426,0.004927329847166918,10,0.026250358845885426,0.004927329847166918,10,0.025055278712608025,0.005249284790477001,10,0.025055278712608025,0.005249284790477001,10,12.882180785772547,0.527569900873794,10,0.09798449057177724,0.010606709073306698,10,896.0,0.0,10,126415.82782553602,13234.477762560686
896,0.875,0.3,minimum_norm,10,10,0,10,0.0721164166635258,0.00044673617323585875,10,0.00924153431484121,0.00042673029293609644,10,8.713632201069156,1.96000932753113,10,8.811241660477046,1.9528467801462548,10,8.516845666046004,1.6700171558565053,10,8.608946022973171,1.6694426778211833,10,5786.744236308377,1061.87468016591,10,0.09258312498571553,0.002148751025303916,10,896.0,0.0,10,126415.82782553602,13234.477762560686
896,0.875,0.3,ridge,10,10,0,10,0.02277821192971862,0.0023781139816888785,10,0.06898905060574213,0.0028349464109031493,10,0.04004564560739105,0.004578355095145207,10,0.12962718017940164,0.004694151268293408,10,0.03943829461299271,0.005214699583177251,10,0.13175907391370703,0.005282547644765409,10,14.527852911736579,0.42884190908301034,10,0.2529734045920383,0.005126988022411872,10,896.0,0.0,10,126415.82782553602,13234.477762560686
960,0.9375,0.0,minimum_norm,10,10,0,10,5.337443909264063e-06,1.712174725023473e-06,10,5.337443909264063e-06,1.712174725023473e-06,10,0.0435558265820353,0.01610992099426711,10,0.0435558265820353,0.01610992099426711,10,0.04391880855798108,0.01579338511357658,10,0.04391880855798108,0.01579338511357658,10,490.8060734887437,120.97239383002649,10,0.0022414624817663417,0.00037645015555251706,10,960.0,0.0,10,296404.9452066236,24274.922759244433
960,0.9375,0.0,ridge,10,10,0,10,0.009543083503944063,0.0016815145827752634,10,0.009543083503944063,0.0016815145827752634,10,0.02525324926138548,0.004100799187896695,10,0.02525324926138548,0.004100799187896695,10,0.02406997292837805,0.004120710199030658,10,0.02406997292837805,0.004120710199030658,10,12.844819703536658,0.4600092413483925,10,0.09564693387424182,0.008342786624421958,10,960.0,0.0,10,296404.9452066236,24274.922759244433
960,0.9375,0.3,minimum_norm,10,10,0,10,0.07688594542828159,0.00036957390857215457,10,0.004435332665837428,0.0003875249695998132,10,27.88435953820433,7.028191640974228,10,27.990811099179204,7.039572618937554,10,27.3775403299238,6.139233080039717,10,27.464019674060342,6.147827339012273,10,11904.522592557434,1809.6651046167854,10,0.0640973012459179,0.002858725584375991,10,960.0,0.0,10,296404.9452066236,24274.922759244433
960,0.9375,0.3,ridge,10,10,0,10,0.02225860979044513,0.0017782248982002142,10,0.06825185221376043,0.0024139548190008214,10,0.03923084378978423,0.003584784196074567,10,0.12883244909170238,0.0036280949278634923,10,0.038538993187729687,0.00406460885687785,10,0.13083329996953588,0.004100422297053804,10,14.537654403181605,0.3627572177669148,10,0.251630018256059,0.004402377065851362,10,960.0,0.0,10,296404.9452066236,24274.922759244433
992,0.96875,0.0,minimum_norm,10,10,0,10,1.8723090732795188e-06,7.506503543645067e-07,10,1.8723090732795188e-06,7.506503543645067e-07,10,0.08687895032470302,0.04867215277529923,10,0.08687895032470302,0.04867215277529923,10,0.08455138650192065,0.046494920623571766,10,0.08455138650192065,0.046494920623571766,10,704.797676206917,201.80139419591526,10,0.0013201571930067356,0.00026736669729550655,10,992.0,0.0,10,625871.7825530946,78473.26157725375
992,0.96875,0.0,ridge,10,10,0,10,0.009380694800634453,0.0019038110871874535,10,0.009380694800634453,0.0019038110871874535,10,0.02486874175354008,0.004550730351191894,10,0.02486874175354008,0.004550730351191894,10,0.023763913035169254,0.00452508662006931,10,0.023763913035169254,0.00452508662006931,10,12.835481567286479,0.5186439942123897,10,0.09471504325660171,0.00962063476799797,10,992.0,0.0,10,625871.7825530946,78473.26157725375
992,0.96875,0.3,minimum_norm,10,10,0,10,0.07909110810642817,0.00022686316771742897,10,0.0022109310443434002,0.00022731827299940052,10,74.14028989301922,14.902701212832602,10,74.27149171782052,14.921370730507258,10,74.81702024424693,16.900984820776575,10,74.90246265478802,16.909799144605717,10,20860.39169741857,2190.3741645231157,10,0.045239749819798517,0.0023627902267536745,10,992.0,0.0,10,625871.7825530946,78473.26157725375
992,0.96875,0.3,ridge,10,10,0,10,0.022132371914839112,0.0020613203482337905,10,0.06800508685991685,0.0025259235246444614,10,0.03884605445491927,0.0041486681708941785,10,0.1284790924225504,0.004168774498142455,10,0.03823011370718155,0.004523620883066382,10,0.13047691096914882,0.004567661382813879,10,14.535778371588226,0.4100591901270233,10,0.25117115164377257,0.004615515959714057,10,992.0,0.0,10,625871.7825530946,78473.26157725375
1023,0.9990234375,0.0,minimum_norm,10,10,0,10,2.131470919456776e-08,2.2489352458792984e-08,10,2.131470919456776e-08,2.2489352458792984e-08,10,5.13564367503916,6.937573409033357,10,5.13564367503916,6.937573409033357,10,5.1869908339724535,6.9600445720407205,10,5.1869908339724535,6.9600445720407205,10,4752.403587020148,4291.414140989184,10,0.00011615592822973315,8.869888793894352e-05,10,1023.0,0.0,10,15499283.644335514,14271714.047443097
1023,0.9990234375,0.0,ridge,10,10,0,10,0.009256936198524706,0.0019245069095503002,10,0.009256936198524706,0.0019245069095503002,10,0.02455232398800623,0.004549506412561585,10,0.02455232398800623,0.004549506412561585,10,0.02347823026829903,0.004572978087751871,10,0.02347823026829903,0.004572978087751871,10,12.855666119003223,0.5314498221701774,10,0.0940727862094022,0.009723942136740864,10,1023.0,0.0,10,15499283.644335514,14271714.047443097
1023,0.9990234375,0.3,minimum_norm,10,10,0,10,0.08120702056578874,9.25467498809841e-05,10,8.590925001621257e-05,9.101781180088313e-05,10,5638.094622030758,6189.165402370236,10,5638.178649430083,6189.003270897833,10,5708.842958392967,6296.378071245127,10,5708.9473990718525,6296.397969244521,10,171282.4861543698,101872.54050034586,10,0.007145057153092658,0.005643940422534963,10,1023.0,0.0,10,15499283.644335514,14271714.047443097
1023,0.9990234375,0.3,ridge,10,10,0,10,0.022042426062849906,0.0020949988089635167,10,0.06782254799620953,0.0026294234836302843,10,0.03858141767866232,0.004086085337397869,10,0.1282851755423709,0.004233710413032393,10,0.03798035573161313,0.004474587199477671,10,0.13024393730182654,0.004516823626309156,10,14.569011900463858,0.42103144670623227,10,0.25083047478250287,0.00480785722479037,10,1023.0,0.0,10,15499283.644335514,14271714.047443097
1024,1.0,0.0,minimum_norm,10,10,0,10,1.0745231380752109e-24,1.6926277023501665e-24,10,1.0745231380752109e-24,1.6926277023501665e-24,10,65.40399836721758,93.97320974198252,10,65.40399836721758,93.97320974198252,10,70.61229031459625,103.06443198645131,10,70.61229031459625,103.06443198645131,10,15051.070279179194,15323.470706455566,10,7.119430036024075e-13,7.67583637516232e-13,10,1024.0,0.0,10,70709523.16390559,83960536.84802772
1024,1.0,0.0,ridge,10,10,0,10,0.009256514104064579,0.0019344091100399665,10,0.009256514104064579,0.0019344091100399665,10,0.024547178068095563,0.004558391177057672,10,0.024547178068095563,0.004558391177057672,10,0.0234744484522679,0.004586020452215507,10,0.0234744484522679,0.004586020452215507,10,12.856931639386008,0.5333857418441054,10,0.09406562513539686,0.009777491919143894,10,1024.0,0.0,10,70709523.16390559,83960536.84802772
1024,1.0,0.3,minimum_norm,10,10,0,10,0.08129337563824013,1.605729812412822e-12,10,3.989296830250445e-21,1.031549495890526e-20,10,159036.97082656826,315198.03762474516,10,159038.32019845958,315201.99718811753,10,172947.50959446223,350267.7741212489,10,172947.4378307995,350266.90044893854,10,697031.9439943368,902506.4667168788,10,3.591413012856784e-11,5.176968402638953e-11,10,1024.0,0.0,10,70709523.16390559,83960536.84802772
1024,1.0,0.3,ridge,10,10,0,10,0.022058330495580054,0.002106961125331457,10,0.0677969041949579,0.0026254969219124346,10,0.038559431399032104,0.004067877932830184,10,0.12825455564055774,0.004202053376524706,10,0.03797780629886463,0.004473662895065028,10,0.13024169454894632,0.004510317687236842,10,14.569552076790481,0.426401356617685,10,0.2507831556458074,0.004800856287367528,10,1024.0,0.0,10,70709523.16390559,83960536.84802772
1025,1.0009765625,0.0,minimum_norm,10,10,0,10,5.90719238220057e-25,1.772527015537443e-24,10,5.90719238220057e-25,1.772527015537443e-24,10,5.540301344596311,13.397385377015095,10,5.540301344596311,13.397385377015095,10,5.976212901682592,14.841041398392749,10,5.976212901682592,14.841041398392749,10,4489.308686682408,5974.732670329693,10,3.5952806750353735e-13,6.999217288017939e-13,10,1024.0,0.0,10,24593345.77358249,40550872.52588664
1025,1.0009765625,0.0,ridge,10,10,0,10,0.009259673404032144,0.0019351730858623898,10,0.009259673404032144,0.0019351730858623898,10,0.024550372487237234,0.0045604001741723,10,0.024550372487237234,0.0045604001741723,10,0.023474589051118076,0.0045911029817774255,10,0.023474589051118076,0.0045911029817774255,10,12.858025583293648,0.5332984525772534,10,0.09408176815777072,0.009778178656247158,10,1024.0,0.0,10,24593345.77358249,40550872.52588664
1025,1.0009765625,0.3,minimum_norm,10,10,0,10,0.08129337563920545,8.124157345274125e-13,10,4.068006136049437e-21,1.2515168147034888e-20,10,37463.94836747962,100289.74758208236,10,37463.58871018368,100289.47736055589,10,40528.103024720556,110613.29475811782,10,40528.22486016692,110613.16208809653,10,341419.85725905217,528453.0732157322,10,2.7140171552872672e-11,5.810302366104887e-11,10,1024.0,0.0,10,24593345.77358249,40550872.52588664
1025,1.0009765625,0.3,ridge,10,10,0,10,0.02206032259682279,0.00210817407783509,10,0.06780026753083497,0.0026321393941153254,10,0.03855910418983832,0.004068759809089018,10,0.1282531100288444,0.004199149496028297,10,0.03797856757958077,0.004478248654957227,10,0.13024115783657952,0.004516183809466098,10,14.570923515714265,0.426371017779091,10,0.2507891678946631,0.004813045748016153,10,1024.0,0.0,10,24593345.77358249,40550872.52588664
1056,1.03125,0.0,minimum_norm,10,10,0,10,1.0003652298773548e-27,3.19963897818728e-28,10,1.0003652298773548e-27,3.19963897818728e-28,10,0.07267722683820474,0.02820997027879312,10,0.07267722683820474,0.02820997027879312,10,0.07065468439756156,0.02496388161119851,10,0.07065468439756156,0.02496388161119851,10,573.6238414896585,102.97644352843105,10,3.06617315973811e-14,5.313511997485414e-15,10,1024.0,0.0,10,742276.0000872638,80336.58175179121
1056,1.03125,0.0,ridge,10,10,0,10,0.009181303087480452,0.0019337386753310378,10,0.009181303087480452,0.0019337386753310378,10,0.02454748298439729,0.004424604881862944,10,0.02454748298439729,0.004424604881862944,10,0.023432423127210833,0.004498296407257119,10,0.023432423127210833,0.004498296407257119,10,12.886563645594816,0.5417208687844585,10,0.09367380998080732,0.00983220027967224,10,1024.0,0.0,10,742276.0000872638,80336.58175179121
1056,1.03125,0.3,minimum_norm,10,10,0,10,0.08129337563891684,2.7641332933864665e-14,10,1.6980002734144865e-24,8.07029927309047e-25,10,143.0654433040383,41.563118333064516,10,143.13567707137636,41.56221342908294,10,140.68542814286914,43.45564133755919,10,140.7614558350313,43.43697199439055,10,24634.07338851991,3395.7466625316365,10,1.2274085818894786e-12,2.7718324401544136e-13,10,1024.0,0.0,10,742276.0000872638,80336.58175179121
1056,1.03125,0.3,ridge,10,10,0,10,0.021998705100969674,0.0021545765458841123,10,0.06761530360212992,0.002524194982606478,10,0.03851474183659039,0.00390706213262304,10,0.12828539273745804,0.004072868478786892,10,0.03788538995530782,0.004360589599947665,10,0.1301377223823056,0.004397999354381674,10,14.605953758795252,0.43443381895628874,10,0.25044992899149787,0.00462471825290389,10,1024.0,0.0,10,742276.0000872638,80336.58175179121
1088,1.0625,0.0,minimum_norm,10,10,0,10,3.307166920972046e-28,1.280955737884456e-28,10,3.307166920972046e-28,1.280955737884456e-28,10,0.03829848826242335,0.012744583521134853,10,0.03829848826242335,0.012744583521134853,10,0.03811435530333576,0.012772234852474657,10,0.03811435530333576,0.012772234852474657,10,366.7032052369644,69.80696469532135,10,1.7580073400722756e-14,3.3580004098016008e-15,10,1024.0,0.0,10,409860.7207594857,47568.28247923062
1088,1.0625,0.0,ridge,10,10,0,10,0.008996403730379547,0.001964437593789177,10,0.008996403730379547,0.001964437593789177,10,0.024222128653870766,0.004543930628357287,10,0.024222128653870766,0.004543930628357287,10,0.023195748791702855,0.0046214311910541825,10,0.023195748791702855,0.0046214311910541825,10,12.846257739594913,0.5448705629612198,10,0.09270267055016115,0.009974286887410125,10,1024.0,0.0,10,409860.7207594857,47568.28247923062
1088,1.0625,0.3,minimum_norm,10,10,0,10,0.0812933756389235,1.2395809113045342e-14,10,7.099187495921121e-25,3.729614227469124e-25,10,79.90514935254787,15.689095437900136,10,80.00676803439887,15.659156156827802,10,75.92342861362799,15.401115449989785,10,75.99537726927358,15.390525223242042,10,15488.709058955643,1802.519376164382,10,7.900002083186143e-13,1.9629094999727449e-13,10,1024.0,0.0,10,409860.7207594857,47568.28247923062
1088,1.0625,0.3,ridge,10,10,0,10,0.021832232207349787,0.0021453989098287087,10,0.06739447400955904,0.0026056487134295428,10,0.03824448664849727,0.0038902967586786946,10,0.12802523174669528,0.0038671196997403755,10,0.03766755341182419,0.004364598054549363,10,0.1299680555421013,0.004407054991750413,10,14.57569032650795,0.44504300152524123,10,0.2500378108189538,0.004782827186473909,10,1024.0,0.0,10,409860.7207594857,47568.28247923062
1152,1.125,0.0,minimum_norm,10,10,0,10,2.059717939665808e-28,9.646661795047644e-29,10,2.059717939665808e-28,9.646661795047644e-29,10,0.021653754461906857,0.004388173769657251,10,0.021653754461906857,0.004388173769657251,10,0.021854093540394345,0.004883243307330287,10,0.021854093540394345,0.004883243307330287,10,232.56184866142797,32.11064513684169,10,1.3753258930628982e-14,3.2747700652432265e-15,10,1024.0,0.0,10,228060.0824437635,21381.987121640926
1152,1.125,0.0,ridge,10,10,0,10,0.008540838072041538,0.0013644497907967918,10,0.008540838072041538,0.0013644497907967918,10,0.023327335806554373,0.0036860254893238452,10,0.023327335806554373,0.0036860254893238452,10,0.02234285072239132,0.0035726880137641795,10,0.02234285072239132,0.0035726880137641795,10,12.809856142773645,0.4502975454067064,10,0.09053413547147668,0.007240436658567262,10,1024.0,0.0,10,228060.0824437635,21381.987121640926
1152,1.125,0.3,minimum_norm,10,10,0,10,0.08129337563892311,9.162435064695378e-15,10,2.2584753167613643e-25,9.934563334878475e-26,10,48.143256661190584,8.125591671494286,10,48.239744726061716,8.102191950724878,10,46.98244830623581,7.049484326615135,10,47.05812269596843,7.050184493511238,10,10206.331291495375,835.3507201525589,10,4.484597585791946e-13,9.696344083129695e-14,10,1024.0,0.0,10,228060.0824437635,21381.987121640926
1152,1.125,0.3,ridge,10,10,0,10,0.02155060266320539,0.0015995313272622886,10,0.06671342310736085,0.001773759880047472,10,0.037296416835680815,0.0028738318439130947,10,0.12716264018286513,0.002744296608654454,10,0.03689551022193629,0.003266742402793861,10,0.12921363925713597,0.0033221124070588032,10,14.548227629136411,0.35767441560378727,10,0.24879258678943073,0.003292127994177387,10,1024.0,0.0,10,228060.0824437635,21381.987121640926
1280,1.25,0.0,minimum_norm,10,10,0,10,9.846407208571204e-29,5.270841384897341e-29,10,9.846407208571204e-29,5.270841384897341e-29,10,0.012424184385980112,0.0031445045037517146,10,0.012424184385980112,0.0031445045037517146,10,0.012486257943576936,0.0029503781301079873,10,0.012486257943576936,0.0029503781301079873,10,141.49157116580508,17.56765239280714,10,9.436670545409377e-15,2.57912685198442e-15,10,1024.0,0.0,10,126251.10804755578,8880.195932841627
1280,1.25,0.0,ridge,10,10,0,10,0.007849623395825369,0.0011012712225533553,10,0.007849623395825369,0.0011012712225533553,10,0.021927644929413,0.0028709402186003017,10,0.021927644929413,0.0028709402186003017,10,0.02092580367427249,0.0026731373316204164,10,0.02092580367427249,0.0026731373316204164,10,12.753417565168373,0.3985598746700354,10,0.08684572476017079,0.006170842031055696,10,1024.0,0.0,10,126251.10804755578,8880.195932841627
1280,1.25,0.3,minimum_norm,10,10,0,10,0.08129337563892569,4.309208923136777e-15,10,1.0322400392850254e-25,3.835469805814157e-26,10,27.49009718234047,3.7168450314412183,10,27.5858655745916,3.722811909855583,10,26.858593733080387,2.3511967601015744,10,26.93920126420132,2.35555312315147,10,6260.318721330758,486.13616077488155,10,3.044189138183771e-13,5.885059513290059e-14,10,1024.0,0.0,10,126251.10804755578,8880.195932841627
1280,1.25,0.3,ridge,10,10,0,10,0.020978550404692334,0.0013370448162385625,10,0.06542000141826472,0.0010676925732189028,10,0.035896807499316494,0.00230162842796668,10,0.12575183584686514,0.00207984760208378,10,0.035496729637486804,0.0025095782501214294,10,0.12782281872646092,0.002549884502834342,10,14.558448260655785,0.32046001775656846,10,0.24638104669619385,0.0020109420105495854,10,1024.0,0.0,10,126251.10804755578,8880.195932841627
1536,1.5,0.0,minimum_norm,10,10,0,10,6.138327280921981e-29,3.718830678787243e-29,10,6.138327280921981e-29,3.718830678787243e-29,10,0.008073393338277243,0.001326432563747359,10,0.008073393338277243,0.001326432563747359,10,0.007998822664288573,0.001248855759614945,10,0.007998822664288573,0.001248855759614945,10,88.48449998198382,8.839904823620783,10,7.444278356902218e-15,2.0628496363634605e-15,10,1024.0,0.0,10,76085.12725746748,4750.448983699555
1536,1.5,0.0,ridge,10,10,0,10,0.007120981180878788,0.0008826960702526845,10,0.007120981180878788,0.0008826960702526845,10,0.02058106981285054,0.0028062916895423206,10,0.02058106981285054,0.0028062916895423206,10,0.019750580925530593,0.002363506473452594,10,0.019750580925530593,0.002363506473452594,10,12.716254437200341,0.38973064119003636,10,0.08276001758466686,0.005158141393996957,10,1024.0,0.0,10,76085.12725746748,4750.448983699555
1536,1.5,0.3,minimum_norm,10,10,0,10,0.08129337563892625,2.4779872966720833e-15,10,3.6297204438908563e-26,1.9683174219723538e-26,10,18.45080500361423,2.1375576311494497,10,18.544081841285493,2.1472339124402504,10,17.782713467248353,1.3232249765838973,10,17.867239068382872,1.3226369573320012,10,3800.585624263299,264.80689751787776,10,1.783704228088084e-13,4.553887215498288e-14,10,1024.0,0.0,10,76085.12725746748,4750.448983699555
1536,1.5,0.3,ridge,10,10,0,10,0.02036844443793487,0.001155007020675104,10,0.0642564014813643,0.0008149402943187894,10,0.03465706676131165,0.0023854872510172516,10,0.1247641536571121,0.002217783043313848,10,0.03447818621821051,0.002247212753222163,10,0.12679187818018903,0.0022364401818947247,10,14.581793023253905,0.30306269903852534,10,0.24418297131459132,0.0015491734129011087,10,1024.0,0.0,10,76085.12725746748,4750.448983699555
2048,2.0,0.0,minimum_norm,10,10,0,10,8.059058786859389e-29,8.12621255517892e-29,10,8.059058786859389e-29,8.12621255517892e-29,10,0.00517818127535521,0.0013176383867625745,10,0.00517818127535521,0.0013176383867625745,10,0.00505939039462012,0.0011498227400003247,10,0.00505939039462012,0.0011498227400003247,10,56.40839968172819,4.47950440528511,10,8.076689468425785e-15,3.73468263458019e-15,10,1024.0,0.0,10,46616.27006834719,2234.650527572147
2048,2.0,0.0,ridge,10,10,0,10,0.006363084185064499,0.00067407357382945,10,0.006363084185064499,0.00067407357382945,10,0.019155923276051697,0.0025927581342885873,10,0.019155923276051697,0.0025927581342885873,10,0.01831127239806481,0.0019276861116996728,10,0.01831127239806481,0.0019276861116996728,10,12.601558669187357,0.2571357954359283,10,0.07826915284343043,0.004161240306317914,10,1024.0,0.0,10,46616.27006834719,2234.650527572147
2048,2.0,0.3,minimum_norm,10,10,0,10,0.08129337563892526,2.8399400744652404e-15,10,1.726990238498584e-26,1.2019245833294283e-26,10,12.088747330564708,1.0454326324185883,10,12.194172612443115,1.0525932184816953,10,11.668399637639414,0.6628067216325876,10,11.752513304139416,0.6594849598942107,10,2392.822945835679,86.97048233911478,10,1.2199643225195548e-13,3.563206318134092e-14,10,1024.0,0.0,10,46616.27006834719,2234.650527572147
2048,2.0,0.3,ridge,10,10,0,10,0.019693687462227532,0.0007415772753440863,10,0.06304523920453757,0.0007480549985169156,10,0.032998526579730784,0.0023236332883697485,10,0.12307778165735148,0.00219361238857847,10,0.03289868452595378,0.0019113982041059885,10,0.12522268425076813,0.0019104295923969413,10,14.579944681236025,0.24450926650327381,10,0.24187126085664645,0.0014392582007670492,10,1024.0,0.0,10,46616.27006834719,2234.650527572147
3072,3.0,0.0,minimum_norm,10,10,0,10,1.2079896433547952e-28,1.1203840154796803e-28,10,1.2079896433547952e-28,1.1203840154796803e-28,10,0.0038669644929772763,0.0006148332834471927,10,0.0038669644929772763,0.0006148332834471927,10,0.0038136015939772075,0.0005045499367513175,10,0.0038136015939772075,0.0005045499367513175,10,40.744506343416745,1.9485609699293656,10,9.895734008670756e-15,4.554549412580389e-15,10,1024.0,0.0,10,30902.229740289447,1365.1954484064386
3072,3.0,0.0,ridge,10,10,0,10,0.005696750415030873,0.00039144592806376026,10,0.005696750415030873,0.00039144592806376026,10,0.01789637492799705,0.0011145310273357005,10,0.01789637492799705,0.0011145310273357005,10,0.01703441725390276,0.001096092033445445,10,0.01703441725390276,0.001096092033445445,10,12.624741852361879,0.15428397422853082,10,0.07411258478596712,0.0025439429411208895,10,1024.0,0.0,10,30902.229740289447,1365.1954484064386
3072,3.0,0.3,minimum_norm,10,10,0,10,0.08129337563892654,1.7839541017055025e-15,10,6.93516440038698e-27,2.4024246657111933e-27,10,8.791260852848826,0.43226588384585507,10,8.896296893726156,0.42942629242255165,10,8.280361252227411,0.3941101563605078,10,8.368564241432097,0.39033027461092046,10,1623.7575600502835,48.742735335086145,10,7.928876433029713e-14,1.2860759240461087e-14,10,1024.0,0.0,10,30902.229740289447,1365.1954484064386
3072,3.0,0.3,ridge,10,10,0,10,0.019237751608793742,0.0005027660010746588,10,0.06182902987523424,0.0004990626897570968,10,0.03196990622066305,0.0010906868789668873,10,0.12202162632164197,0.0007763981656368494,10,0.03178681706699014,0.001149696810602147,10,0.12418724528789374,0.0011251135527243202,10,14.674178264991955,0.14030734002081832,10,0.23952898359348102,0.0009669050196614153,10,1024.0,0.0,10,30902.229740289447,1365.1954484064386
4096,4.0,0.0,minimum_norm,10,10,0,10,1.1636457573960911e-28,6.723163455401486e-29,10,1.1636457573960911e-28,6.723163455401486e-29,10,0.003507050780479067,0.0005873337893988146,10,0.003507050780479067,0.0005873337893988146,10,0.003436537829277937,0.0005758265290207513,10,0.003436537829277937,0.0005758265290207513,10,35.19808109852226,2.438978768777898,10,1.0203166592299072e-14,3.0203757048455205e-15,10,1024.0,0.0,10,25031.430114299117,1082.0490255425166
4096,4.0,0.0,ridge,10,10,0,10,0.005358236799483128,0.0004947240628213122,10,0.005358236799483128,0.0004947240628213122,10,0.01712956364152437,0.0013767505338714034,10,0.01712956364152437,0.0013767505338714034,10,0.016213167667808753,0.0013321032255042568,10,0.016213167667808753,0.0013321032255042568,10,12.599373080244568,0.22672037595985298,10,0.07184507950258,0.0033418457762385174,10,1024.0,0.0,10,25031.430114299117,1082.0490255425166
4096,4.0,0.3,minimum_norm,10,10,0,10,0.08129337563892684,1.0850540881566788e-15,10,5.14402011699269e-27,1.4420229085807335e-27,10,7.2983559230761355,0.3686821356948223,10,7.402494920769785,0.36418084686586993,10,6.8770513092992855,0.2960760770382061,10,6.964816813520126,0.2934878462211346,10,1337.4362394063376,55.50898434789187,10,6.851208027571101e-14,9.401466711751174e-15,10,1024.0,0.0,10,25031.430114299117,1082.0490255425166
4096,4.0,0.3,ridge,10,10,0,10,0.019059303683763188,0.0005036036985241756,10,0.06109273723451997,0.0007458797939917655,10,0.031230445782217304,0.0012208080654153204,10,0.1210471221371332,0.0010594445844540814,10,0.030976606073280222,0.001262855504231081,10,0.12341768581175883,0.0013084760665467872,10,14.674897269511908,0.18288984249534418,10,0.23809625003974727,0.001452850914841833,10,1024.0,0.0,10,25031.430114299117,1082.0490255425166
8192,8.0,0.0,minimum_norm,10,10,0,10,1.1177012157593437e-28,6.849082497793343e-29,10,1.1177012157593437e-28,6.849082497793343e-29,10,0.003111105373963662,0.0004693852904056918,10,0.003111105373963662,0.0004693852904056918,10,0.003007397783464495,0.0004917485552082948,10,0.003007397783464495,0.0004917485552082948,10,28.677681185501125,1.5348894201133745,10,9.946216315771545e-15,3.1540499311250033e-15,10,1024.0,0.0,10,18140.361794269164,460.8502457924012
8192,8.0,0.0,ridge,10,10,0,10,0.004906156412913478,0.0003976268493966267,10,0.004906156412913478,0.0003976268493966267,10,0.01631184384093766,0.0012098258145803783,10,0.01631184384093766,0.0012098258145803783,10,0.015351244474508929,0.0011905969948384735,10,0.015351244474508929,0.0011905969948384735,10,12.57443761896764,0.1956158208044205,10,0.06876429171476553,0.002767085446429938,10,1024.0,0.0,10,18140.361794269164,460.8502457924012
8192,8.0,0.3,minimum_norm,10,10,0,10,0.08129337563892602,9.352388913289831e-16,10,2.568167822212416e-27,1.015621131085215e-27,10,5.37019781716084,0.2115368777080425,10,5.472350091763675,0.2157648860649213,10,5.004352708669807,0.15118361534845426,10,5.0942261497276276,0.15150998043000216,10,973.9901300645035,31.60341008012686,10,4.807340873704474e-14,8.951033786229416e-15,10,1024.0,0.0,10,18140.361794269164,460.8502457924012
8192,8.0,0.3,ridge,10,10,0,10,0.018713013717602152,0.00043466447877523004,10,0.060022668548976796,0.0005579150230031246,10,0.030459951827684285,0.001285824459143643,10,0.12028249534548041,0.0012304286068661454,10,0.03011648594522162,0.0012920040398262003,10,0.12247659100603776,0.001299139915480299,10,14.738716468538362,0.1568365157128032,10,0.23600351141239986,0.0010973509567302748,10,1024.0,0.0,10,18140.361794269164,460.8502457924012
