seed,noise_std,first_sampled_fitting_capacity,fitting_capacities,maximum_test_error_capacity
2026,0.0,1024,1024;1025;1056;1088;1152;1280;1536;2048;3072;4096;8192,1024
2026,0.3,1024,1024;1025;1056;1088;1152;1280;1536;2048;3072;4096;8192,1024
2027,0.0,1024,1024;1025;1056;1088;1152;1280;1536;2048;3072;4096;8192,1024
2027,0.3,1024,1024;1025;1056;1088;1152;1280;1536;2048;3072;4096;8192,1024
2028,0.0,1024,1024;1025;1056;1088;1152;1280;1536;2048;3072;4096;8192,1025
2028,0.3,1024,1024;1025;1056;1088;1152;1280;1536;2048;3072;4096;8192,1024
2029,0.0,1024,1024;1025;1056;1088;1152;1280;1536;2048;3072;4096;8192,1024
2029,0.3,1024,1024;1025;1056;1088;1152;1280;1536;2048;3072;4096;8192,1023
2030,0.0,1024,1024;1025;1056;1088;1152;1280;1536;2048;3072;4096;8192,1024
2030,0.3,1024,1024;1025;1056;1088;1152;1280;1536;2048;3072;4096;8192,1023
2031,0.0,1024,1024;1025;1056;1088;1152;1280;1536;2048;3072;4096;8192,1023
2031,0.3,1024,1024;1025;1056;1088;1152;1280;1536;2048;3072;4096;8192,1024
2032,0.0,1024,1024;1025;1056;1088;1152;1280;1536;2048;3072;4096;8192,1024
2032,0.3,1024,1024;1025;1056;1088;1152;1280;1536;2048;3072;4096;8192,1024
2033,0.0,1024,1024;1025;1056;1088;1152;1280;1536;2048;3072;4096;8192,1024
2033,0.3,1024,1024;1025;1056;1088;1152;1280;1536;2048;3072;4096;8192,1023
2034,0.0,1024,1024;1025;1056;1088;1152;1280;1536;2048;3072;4096;8192,1024
2034,0.3,1024,1024;1025;1056;1088;1152;1280;1536;2048;3072;4096;8192,1024
2035,0.0,1024,1024;1025;1056;1088;1152;1280;1536;2048;3072;4096;8192,1024
2035,0.3,1024,1024;1025;1056;1088;1152;1280;1536;2048;3072;4096;8192,1024
