n_features,noise_std,solver,count,mean,std,median,min,max
64,0.0,minimum_norm,10,0.13351365098361412,0.02965241398021559,0.13225828020204355,0.0851035692811435,0.1766930789867555
64,0.0,ridge,10,0.13187132486065106,0.02966439095989166,0.1298862159656847,0.0840369843777346,0.1768085949873638
64,0.3,minimum_norm,10,0.13932095037823164,0.030161855230706216,0.13903195654879463,0.0916082599353391,0.1860867289969973
64,0.3,ridge,10,0.1371137423234659,0.030412546469314423,0.13606891760254408,0.0893682879488741,0.1857902578189286
1024,0.0,minimum_norm,10,70.61229031459625,103.06443198645131,10.807639879895827,0.325340715052427,295.032658038098
1024,0.0,ridge,10,0.02347444845226786,0.0045860204522155164,0.022465996652597298,0.0179119657137994,0.0301592072093513
1024,0.3,minimum_norm,10,172947.50959446223,350267.7741212489,16256.733269628214,2014.88584118901,1103114.2877476416
1024,0.3,ridge,10,0.03797780629886459,0.0044736628950650245,0.03785560466499715,0.0323997219856892,0.0448392942110245
8192,0.0,minimum_norm,10,0.0030073977834644402,0.0004917485552083028,0.00318249742797395,0.0020960071350475,0.003483151776933
8192,0.0,ridge,10,0.01535124447450888,0.001190596994838475,0.01550778472613265,0.0134558968818641,0.017518051374236
8192,0.3,minimum_norm,10,5.004352708669808,0.15118361534845423,5.02696869764066,4.792021464552683,5.225249807878576
8192,0.3,ridge,10,0.030116485945221573,0.0012920040398261908,0.03018370638355075,0.0279296860799056,0.0326286440550546
