seed,test_signal_mse,condition_number,coefficient_norm,relative_residual
2026,55681.372095645616,21251589.367336217,546887.3284723074,2.1244367126707856e-11
2027,4703.161116901574,7989397.0436940435,177661.590733839,6.598893002433633e-12
2028,14830.320320895453,11776436.511170955,337385.3834157839,2.930165558088485e-11
2029,17683.146218360976,54125420.319487765,352412.6404154757,1.2593741041900984e-11
2030,2014.88584118901,11496075.60292234,126298.73099490892,4.354896905888461e-12
2031,5917.212485634358,20960590.840342425,200576.80713555816,9.825571588927891e-12
2032,110390.73151497754,39034609.43755496,749447.8467894597,3.793212282395671e-11
2033,2163.1411531280146,207285982.91777804,121559.9144371344,5.9972909982719506e-12
2034,1103114.2877476416,234754592.1336214,3042590.0854111635,1.7551540430769688e-10
2035,412976.8374502482,98420537.46514793,1315499.112137737,5.57773579090092e-11
