seed,n_features,ratio,noise_std,reference_noise_std,solver,status,test_signal_mse_difference
2026,64,0.0625,0.3,0.0,minimum_norm,complete,0.0047501979829302765
2026,64,0.0625,0.3,0.0,ridge,complete,0.0046020571132806
2026,128,0.125,0.3,0.0,minimum_norm,complete,0.01190543079064249
2026,128,0.125,0.3,0.0,ridge,complete,0.007076249529802209
2026,256,0.25,0.3,0.0,minimum_norm,complete,0.04665384091057041
2026,256,0.25,0.3,0.0,ridge,complete,0.009237069360672576
2026,384,0.375,0.3,0.0,minimum_norm,complete,0.09067500553911709
2026,384,0.375,0.3,0.0,ridge,complete,0.011702930139970452
2026,512,0.5,0.3,0.0,minimum_norm,complete,0.2609565052730103
2026,512,0.5,0.3,0.0,ridge,complete,0.012052079340764167
2026,768,0.75,0.3,0.0,minimum_norm,complete,1.9015867292184159
2026,768,0.75,0.3,0.0,ridge,complete,0.013391245264848382
2026,896,0.875,0.3,0.0,minimum_norm,complete,6.507899924313529
2026,896,0.875,0.3,0.0,ridge,complete,0.014014970173277477
2026,960,0.9375,0.3,0.0,minimum_norm,complete,18.57541204321063
2026,960,0.9375,0.3,0.0,ridge,complete,0.01368502173676453
2026,992,0.96875,0.3,0.0,minimum_norm,complete,65.96573405600225
2026,992,0.96875,0.3,0.0,ridge,complete,0.013478889173122316
2026,1023,0.9990234375,0.3,0.0,minimum_norm,complete,4589.053608568812
2026,1023,0.9990234375,0.3,0.0,ridge,complete,0.013609223480667277
2026,1024,1.0,0.3,0.0,minimum_norm,complete,55679.74537231393
2026,1024,1.0,0.3,0.0,ridge,complete,0.013600756734814777
2026,1025,1.0009765625,0.3,0.0,minimum_norm,complete,10507.206449083951
2026,1025,1.0009765625,0.3,0.0,ridge,complete,0.013596173623744844
2026,1056,1.03125,0.3,0.0,minimum_norm,complete,157.89847043814254
2026,1056,1.03125,0.3,0.0,ridge,complete,0.013534659847145043
2026,1088,1.0625,0.3,0.0,minimum_norm,complete,100.80603521755671
2026,1088,1.0625,0.3,0.0,ridge,complete,0.013512563471064477
2026,1152,1.125,0.3,0.0,minimum_norm,complete,58.975721612393116
2026,1152,1.125,0.3,0.0,ridge,complete,0.013631760072681888
2026,1280,1.25,0.3,0.0,minimum_norm,complete,28.39250937415924
2026,1280,1.25,0.3,0.0,ridge,complete,0.013503010414048174
2026,1536,1.5,0.3,0.0,minimum_norm,complete,17.926679016959238
2026,1536,1.5,0.3,0.0,ridge,complete,0.01420893590041769
2026,2048,2.0,0.3,0.0,minimum_norm,complete,11.948783628799617
2026,2048,2.0,0.3,0.0,ridge,complete,0.013725464813347694
2026,3072,3.0,0.3,0.0,minimum_norm,complete,8.724399707789065
2026,3072,3.0,0.3,0.0,ridge,complete,0.0144226756840346
2026,4096,4.0,0.3,0.0,minimum_norm,complete,7.229033170411632
2026,4096,4.0,0.3,0.0,ridge,complete,0.014646097861244581
2026,8192,8.0,0.3,0.0,minimum_norm,complete,4.8822916782050685
2026,8192,8.0,0.3,0.0,ridge,complete,0.014689418723304763
2027,64,0.0625,0.3,0.0,minimum_norm,complete,0.009393650010241839
2027,64,0.0625,0.3,0.0,ridge,complete,0.00898166283156479
2027,128,0.125,0.3,0.0,minimum_norm,complete,0.012238701167476995
2027,128,0.125,0.3,0.0,ridge,complete,0.009585451313810486
2027,256,0.25,0.3,0.0,minimum_norm,complete,0.04247474751538896
2027,256,0.25,0.3,0.0,ridge,complete,0.011288252631061813
2027,384,0.375,0.3,0.0,minimum_norm,complete,0.0941327917366773
2027,384,0.375,0.3,0.0,ridge,complete,0.012521394836940682
2027,512,0.5,0.3,0.0,minimum_norm,complete,0.2287854735782811
2027,512,0.5,0.3,0.0,ridge,complete,0.013496486361360006
2027,768,0.75,0.3,0.0,minimum_norm,complete,1.5049606269914424
2027,768,0.75,0.3,0.0,ridge,complete,0.014073331916876299
2027,896,0.875,0.3,0.0,minimum_norm,complete,12.751703928728523
2027,896,0.875,0.3,0.0,ridge,complete,0.01449966991652505
2027,960,0.9375,0.3,0.0,minimum_norm,complete,26.871476005576238
2027,960,0.9375,0.3,0.0,ridge,complete,0.015063547079369993
2027,992,0.96875,0.3,0.0,minimum_norm,complete,72.53105701108854
2027,992,0.96875,0.3,0.0,ridge,complete,0.015074717689275562
2027,1023,0.9990234375,0.3,0.0,minimum_norm,complete,1002.8028167006341
2027,1023,0.9990234375,0.3,0.0,ridge,complete,0.01495789655500894
2027,1024,1.0,0.3,0.0,minimum_norm,complete,4700.965365281015
2027,1024,1.0,0.3,0.0,ridge,complete,0.014947693935424815
2027,1025,1.0009765625,0.3,0.0,minimum_norm,complete,4028.6124333366497
2027,1025,1.0009765625,0.3,0.0,ridge,complete,0.014948114626536137
2027,1056,1.03125,0.3,0.0,minimum_norm,complete,218.69233046713612
2027,1056,1.03125,0.3,0.0,ridge,complete,0.014929145534747792
2027,1088,1.0625,0.3,0.0,minimum_norm,complete,100.1454819188997
2027,1088,1.0625,0.3,0.0,ridge,complete,0.01469290172810088
2027,1152,1.125,0.3,0.0,minimum_norm,complete,55.241110551637654
2027,1152,1.125,0.3,0.0,ridge,complete,0.01522131888462639
2027,1280,1.25,0.3,0.0,minimum_norm,complete,25.209995632393788
2027,1280,1.25,0.3,0.0,ridge,complete,0.014967537122072501
2027,1536,1.5,0.3,0.0,minimum_norm,complete,16.51475663218454
2027,1536,1.5,0.3,0.0,ridge,complete,0.015525224188460258
2027,2048,2.0,0.3,0.0,minimum_norm,complete,11.171319442264464
2027,2048,2.0,0.3,0.0,ridge,complete,0.01494745607666666
2027,3072,3.0,0.3,0.0,minimum_norm,complete,8.283045318405321
2027,3072,3.0,0.3,0.0,ridge,complete,0.014695172292832133
2027,4096,4.0,0.3,0.0,minimum_norm,complete,6.802046820721972
2027,4096,4.0,0.3,0.0,ridge,complete,0.015161897323163552
2027,8192,8.0,0.3,0.0,minimum_norm,complete,4.800808188370354
2027,8192,8.0,0.3,0.0,ridge,complete,0.014675335147261461
2028,64,0.0625,0.3,0.0,minimum_norm,complete,0.0030147037101269925
2028,64,0.0625,0.3,0.0,ridge,complete,0.003208161968074552
2028,128,0.125,0.3,0.0,minimum_norm,complete,0.012605085980149089
2028,128,0.125,0.3,0.0,ridge,complete,0.009437089396543107
2028,256,0.25,0.3,0.0,minimum_norm,complete,0.04199883176833935
2028,256,0.25,0.3,0.0,ridge,complete,0.013651358986051909
2028,384,0.375,0.3,0.0,minimum_norm,complete,0.08954868388087756
2028,384,0.375,0.3,0.0,ridge,complete,0.01368140431297632
2028,512,0.5,0.3,0.0,minimum_norm,complete,0.2266488462554328
2028,512,0.5,0.3,0.0,ridge,complete,0.014173520978847467
2028,768,0.75,0.3,0.0,minimum_norm,complete,1.5059886743173247
2028,768,0.75,0.3,0.0,ridge,complete,0.014766012655587631
2028,896,0.875,0.3,0.0,minimum_norm,complete,7.648108039121884
2028,896,0.875,0.3,0.0,ridge,complete,0.014898292874458222
2028,960,0.9375,0.3,0.0,minimum_norm,complete,22.12981847136263
2028,960,0.9375,0.3,0.0,ridge,complete,0.014960216623249367
2028,992,0.96875,0.3,0.0,minimum_norm,complete,95.29843824454237
2028,992,0.96875,0.3,0.0,ridge,complete,0.014699789822599788
2028,1023,0.9990234375,0.3,0.0,minimum_norm,complete,13141.939000544338
2028,1023,0.9990234375,0.3,0.0,ridge,complete,0.01468400245493099
2028,1024,1.0,0.3,0.0,minimum_norm,complete,14829.690999395645
2028,1024,1.0,0.3,0.0,ridge,complete,0.014716920922407405
2028,1025,1.0009765625,0.3,0.0,minimum_norm,complete,13138.730255669974
2028,1025,1.0009765625,0.3,0.0,ridge,complete,0.014728306319081595
2028,1056,1.03125,0.3,0.0,minimum_norm,complete,200.0500833815801
2028,1056,1.03125,0.3,0.0,ridge,complete,0.014803110338714648
2028,1088,1.0625,0.3,0.0,minimum_norm,complete,83.74799497801769
2028,1088,1.0625,0.3,0.0,ridge,complete,0.014696915232979762
2028,1152,1.125,0.3,0.0,minimum_norm,complete,40.23823974711777
2028,1152,1.125,0.3,0.0,ridge,complete,0.014954079322274143
2028,1280,1.25,0.3,0.0,minimum_norm,complete,22.583624016645448
2028,1280,1.25,0.3,0.0,ridge,complete,0.014835270003412032
2028,1536,1.5,0.3,0.0,minimum_norm,complete,16.55539080395066
2028,1536,1.5,0.3,0.0,ridge,complete,0.015287038215425191
2028,2048,2.0,0.3,0.0,minimum_norm,complete,10.999053715756073
2028,2048,2.0,0.3,0.0,ridge,complete,0.015066722237929344
2028,3072,3.0,0.3,0.0,minimum_norm,complete,8.136717991862788
2028,3072,3.0,0.3,0.0,ridge,complete,0.015024207122715783
2028,4096,4.0,0.3,0.0,minimum_norm,complete,6.761338456199151
2028,4096,4.0,0.3,0.0,ridge,complete,0.01504268634841563
2028,8192,8.0,0.3,0.0,minimum_norm,complete,5.129735405900251
2028,8192,8.0,0.3,0.0,ridge,complete,0.01504836669329739
2029,64,0.0625,0.3,0.0,minimum_norm,complete,0.005009107965407933
2029,64,0.0625,0.3,0.0,ridge,complete,0.004628832424303772
2029,128,0.125,0.3,0.0,minimum_norm,complete,0.009128573003535673
2029,128,0.125,0.3,0.0,ridge,complete,0.00565352397955525
2029,256,0.25,0.3,0.0,minimum_norm,complete,0.04811641610655412
2029,256,0.25,0.3,0.0,ridge,complete,0.010820044995886152
2029,384,0.375,0.3,0.0,minimum_norm,complete,0.10558736783952456
2029,384,0.375,0.3,0.0,ridge,complete,0.013007595131131248
2029,512,0.5,0.3,0.0,minimum_norm,complete,0.20265564720052293
2029,512,0.5,0.3,0.0,ridge,complete,0.01313733906678708
2029,768,0.75,0.3,0.0,minimum_norm,complete,1.6152840971159748
2029,768,0.75,0.3,0.0,ridge,complete,0.014618426292474035
2029,896,0.875,0.3,0.0,minimum_norm,complete,7.762491000843173
2029,896,0.875,0.3,0.0,ridge,complete,0.014988345018449416
2029,960,0.9375,0.3,0.0,minimum_norm,complete,21.63040924259716
2029,960,0.9375,0.3,0.0,ridge,complete,0.015195228993554844
2029,992,0.96875,0.3,0.0,minimum_norm,complete,78.11961512886063
2029,992,0.96875,0.3,0.0,ridge,complete,0.015419713412989346
2029,1023,0.9990234375,0.3,0.0,minimum_norm,complete,17915.70758217121
2029,1023,0.9990234375,0.3,0.0,ridge,complete,0.01548382628936482
2029,1024,1.0,0.3,0.0,minimum_norm,complete,17663.726690221745
2029,1024,1.0,0.3,0.0,ridge,complete,0.015527707470433898
2029,1025,1.0009765625,0.3,0.0,minimum_norm,complete,5865.709383763439
2029,1025,1.0009765625,0.3,0.0,ridge,complete,0.015529534647326253
2029,1056,1.03125,0.3,0.0,minimum_norm,complete,126.52295228966244
2029,1056,1.03125,0.3,0.0,ridge,complete,0.015556916222711516
2029,1088,1.0625,0.3,0.0,minimum_norm,complete,54.25349096698758
2029,1088,1.0625,0.3,0.0,ridge,complete,0.015392392618372563
2029,1152,1.125,0.3,0.0,minimum_norm,complete,36.42284897807311
2029,1152,1.125,0.3,0.0,ridge,complete,0.015639215192097634
2029,1280,1.25,0.3,0.0,minimum_norm,complete,27.185245782587973
2029,1280,1.25,0.3,0.0,ridge,complete,0.01544992474526765
2029,1536,1.5,0.3,0.0,minimum_norm,complete,19.022996266076422
2029,1536,1.5,0.3,0.0,ridge,complete,0.015034557997851375
2029,2048,2.0,0.3,0.0,minimum_norm,complete,11.508714929880918
2029,2048,2.0,0.3,0.0,ridge,complete,0.015316165246880252
2029,3072,3.0,0.3,0.0,minimum_norm,complete,8.188883215582928
2029,3072,3.0,0.3,0.0,ridge,complete,0.015148014329663263
2029,4096,4.0,0.3,0.0,minimum_norm,complete,6.9889039838454545
2029,4096,4.0,0.3,0.0,ridge,complete,0.015074817500081689
2029,8192,8.0,0.3,0.0,minimum_norm,complete,5.025297541914981
2029,8192,8.0,0.3,0.0,ridge,complete,0.014434456606554846
2030,64,0.0625,0.3,0.0,minimum_norm,complete,0.0039295637999203215
2030,64,0.0625,0.3,0.0,ridge,complete,0.0019386711717844507
2030,128,0.125,0.3,0.0,minimum_norm,complete,0.01012468388983434
2030,128,0.125,0.3,0.0,ridge,complete,0.00653407269704126
2030,256,0.25,0.3,0.0,minimum_norm,complete,0.034852466338299394
2030,256,0.25,0.3,0.0,ridge,complete,0.009043010741479902
2030,384,0.375,0.3,0.0,minimum_norm,complete,0.09720963658484298
2030,384,0.375,0.3,0.0,ridge,complete,0.011280859610321312
2030,512,0.5,0.3,0.0,minimum_norm,complete,0.19613023239731353
2030,512,0.5,0.3,0.0,ridge,complete,0.01308167026497823
2030,768,0.75,0.3,0.0,minimum_norm,complete,1.4553084474222537
2030,768,0.75,0.3,0.0,ridge,complete,0.015022433858040411
2030,896,0.875,0.3,0.0,minimum_norm,complete,8.067586456964788
2030,896,0.875,0.3,0.0,ridge,complete,0.0156027816821218
2030,960,0.9375,0.3,0.0,minimum_norm,complete,32.53698926516579
2030,960,0.9375,0.3,0.0,ridge,complete,0.015630086426254172
2030,992,0.96875,0.3,0.0,minimum_norm,complete,72.98544459294888
2030,992,0.96875,0.3,0.0,ridge,complete,0.01578035769339322
2030,1023,0.9990234375,0.3,0.0,minimum_norm,complete,2136.601020193879
2030,1023,0.9990234375,0.3,0.0,ridge,complete,0.015791811087909405
2030,1024,1.0,0.3,0.0,minimum_norm,complete,2014.0176354416274
2030,1024,1.0,0.3,0.0,ridge,complete,0.015789733319895263
2030,1025,1.0009765625,0.3,0.0,minimum_norm,complete,1904.9087326128188
2030,1025,1.0009765625,0.3,0.0,ridge,complete,0.015802406387493827
2030,1056,1.03125,0.3,0.0,minimum_norm,complete,148.81171250318476
2030,1056,1.03125,0.3,0.0,ridge,complete,0.015962823034385492
2030,1088,1.0625,0.3,0.0,minimum_norm,complete,66.81951419454143
2030,1088,1.0625,0.3,0.0,ridge,complete,0.01630633832087046
2030,1152,1.125,0.3,0.0,minimum_norm,complete,46.89101754771556
2030,1152,1.125,0.3,0.0,ridge,complete,0.015883678907732207
2030,1280,1.25,0.3,0.0,minimum_norm,complete,25.252275166181803
2030,1280,1.25,0.3,0.0,ridge,complete,0.01628213172024666
2030,1536,1.5,0.3,0.0,minimum_norm,complete,17.15830258217558
2030,1536,1.5,0.3,0.0,ridge,complete,0.015880155524301005
2030,2048,2.0,0.3,0.0,minimum_norm,complete,11.014453889619771
2030,2048,2.0,0.3,0.0,ridge,complete,0.0155495330111593
2030,3072,3.0,0.3,0.0,minimum_norm,complete,8.349446023777086
2030,3072,3.0,0.3,0.0,ridge,complete,0.015268637667976558
2030,4096,4.0,0.3,0.0,minimum_norm,complete,6.869429386811508
2030,4096,4.0,0.3,0.0,ridge,complete,0.015406251525729164
2030,8192,8.0,0.3,0.0,minimum_norm,complete,5.093150356465136
2030,8192,8.0,0.3,0.0,ridge,complete,0.015328018376162465
2031,64,0.0625,0.3,0.0,minimum_norm,complete,0.007977558133964363
2031,64,0.0625,0.3,0.0,ridge,complete,0.006734579850525196
2031,128,0.125,0.3,0.0,minimum_norm,complete,0.017772290880563063
2031,128,0.125,0.3,0.0,ridge,complete,0.006649114959852279
2031,256,0.25,0.3,0.0,minimum_norm,complete,0.05375593336595417
2031,256,0.25,0.3,0.0,ridge,complete,0.009670850583389665
2031,384,0.375,0.3,0.0,minimum_norm,complete,0.11655911949564436
2031,384,0.375,0.3,0.0,ridge,complete,0.012588872060456176
2031,512,0.5,0.3,0.0,minimum_norm,complete,0.22399457358308764
2031,512,0.5,0.3,0.0,ridge,complete,0.011031084198544393
2031,768,0.75,0.3,0.0,minimum_norm,complete,1.8556610691217394
2031,768,0.75,0.3,0.0,ridge,complete,0.012894592132373942
2031,896,0.875,0.3,0.0,minimum_norm,complete,8.524014129410718
2031,896,0.875,0.3,0.0,ridge,complete,0.013660926861178369
2031,960,0.9375,0.3,0.0,minimum_norm,complete,34.57406666841997
2031,960,0.9375,0.3,0.0,ridge,complete,0.01345870911079116
2031,992,0.96875,0.3,0.0,minimum_norm,complete,109.02769909134031
2031,992,0.96875,0.3,0.0,ridge,complete,0.013588813264173938
2031,1023,0.9990234375,0.3,0.0,minimum_norm,complete,1109.2445150935805
2031,1023,0.9990234375,0.3,0.0,ridge,complete,0.013650655118370065
2031,1024,1.0,0.3,0.0,minimum_norm,complete,5916.887144919306
2031,1024,1.0,0.3,0.0,ridge,complete,0.013634097627473286
2031,1025,1.0009765625,0.3,0.0,minimum_norm,complete,1173.6002591046056
2031,1025,1.0009765625,0.3,0.0,ridge,complete,0.013625814304230856
2031,1056,1.03125,0.3,0.0,minimum_norm,complete,74.94336111056529
2031,1056,1.03125,0.3,0.0,ridge,complete,0.013641355556718322
2031,1088,1.0625,0.3,0.0,minimum_norm,complete,63.82601264650857
2031,1088,1.0625,0.3,0.0,ridge,complete,0.013286158281534205
2031,1152,1.125,0.3,0.0,minimum_norm,complete,48.29354786303444
2031,1152,1.125,0.3,0.0,ridge,complete,0.013399905516654605
2031,1280,1.25,0.3,0.0,minimum_norm,complete,31.067817431524023
2031,1280,1.25,0.3,0.0,ridge,complete,0.013637310500938665
2031,1536,1.5,0.3,0.0,minimum_norm,complete,19.35196626660731
2031,1536,1.5,0.3,0.0,ridge,complete,0.014048892450877638
2031,2048,2.0,0.3,0.0,minimum_norm,complete,12.793200825699191
2031,2048,2.0,0.3,0.0,ridge,complete,0.01484241683147226
2031,3072,3.0,0.3,0.0,minimum_norm,complete,8.831097483013924
2031,3072,3.0,0.3,0.0,ridge,complete,0.01527923351335922
2031,4096,4.0,0.3,0.0,minimum_norm,complete,7.034859817427479
2031,4096,4.0,0.3,0.0,ridge,complete,0.01483250299875578
2031,8192,8.0,0.3,0.0,minimum_norm,complete,5.221766656101643
2031,8192,8.0,0.3,0.0,ridge,complete,0.015110592680818616
2032,64,0.0625,0.3,0.0,minimum_norm,complete,0.004863524121605706
2032,64,0.0625,0.3,0.0,ridge,complete,0.005044257381054934
2032,128,0.125,0.3,0.0,minimum_norm,complete,0.011941272396109634
2032,128,0.125,0.3,0.0,ridge,complete,0.007972335731071215
2032,256,0.25,0.3,0.0,minimum_norm,complete,0.0484051663956787
2032,256,0.25,0.3,0.0,ridge,complete,0.013163541119791185
2032,384,0.375,0.3,0.0,minimum_norm,complete,0.08892574102873496
2032,384,0.375,0.3,0.0,ridge,complete,0.012117587985825712
2032,512,0.5,0.3,0.0,minimum_norm,complete,0.20752030935614244
2032,512,0.5,0.3,0.0,ridge,complete,0.012308244520178688
2032,768,0.75,0.3,0.0,minimum_norm,complete,1.7955873437706849
2032,768,0.75,0.3,0.0,ridge,complete,0.013140056450778322
2032,896,0.875,0.3,0.0,minimum_norm,complete,8.095235800135422
2032,896,0.875,0.3,0.0,ridge,complete,0.0135840472165456
2032,960,0.9375,0.3,0.0,minimum_norm,complete,35.66901224177281
2032,960,0.9375,0.3,0.0,ridge,complete,0.013760043699081567
2032,992,0.96875,0.3,0.0,minimum_norm,complete,79.10530131074809
2032,992,0.96875,0.3,0.0,ridge,complete,0.013643537897868124
2032,1023,0.9990234375,0.3,0.0,minimum_norm,complete,12319.025152699918
2032,1023,0.9990234375,0.3,0.0,ridge,complete,0.013737739571100888
2032,1024,1.0,0.3,0.0,minimum_norm,complete,110327.82077283856
2032,1024,1.0,0.3,0.0,ridge,complete,0.013749865671856654
2032,1025,1.0009765625,0.3,0.0,minimum_norm,complete,5840.082608604948
2032,1025,1.0009765625,0.3,0.0,ridge,complete,0.013749863178351293
2032,1056,1.03125,0.3,0.0,minimum_norm,complete,128.65822154927224
2032,1056,1.03125,0.3,0.0,ridge,complete,0.013532872533713367
2032,1088,1.0625,0.3,0.0,minimum_norm,complete,68.72697623924476
2032,1088,1.0625,0.3,0.0,ridge,complete,0.013536937691290406
2032,1152,1.125,0.3,0.0,minimum_norm,complete,45.55275254082876
2032,1152,1.125,0.3,0.0,ridge,complete,0.013672457655496517
2032,1280,1.25,0.3,0.0,minimum_norm,complete,26.21687129682745
2032,1280,1.25,0.3,0.0,ridge,complete,0.01401290319234563
2032,1536,1.5,0.3,0.0,minimum_norm,complete,17.402980270226237
2032,1536,1.5,0.3,0.0,ridge,complete,0.014531915032337063
2032,2048,2.0,0.3,0.0,minimum_norm,complete,11.268947083940459
2032,2048,2.0,0.3,0.0,ridge,complete,0.014622024680265282
2032,3072,3.0,0.3,0.0,minimum_norm,complete,7.7251455355248115
2032,3072,3.0,0.3,0.0,ridge,complete,0.014941451953648953
2032,4096,4.0,0.3,0.0,minimum_norm,complete,6.618587783669911
2032,4096,4.0,0.3,0.0,ridge,complete,0.014856322888953057
2032,8192,8.0,0.3,0.0,minimum_norm,complete,4.788683077931185
2032,8192,8.0,0.3,0.0,ridge,complete,0.015110852707284374
2033,64,0.0625,0.3,0.0,minimum_norm,complete,0.008683828571896535
2033,64,0.0625,0.3,0.0,ridge,complete,0.007321145892663777
2033,128,0.125,0.3,0.0,minimum_norm,complete,0.02247848104518639
2033,128,0.125,0.3,0.0,ridge,complete,0.01401543262645838
2033,256,0.25,0.3,0.0,minimum_norm,complete,0.04942283032872004
2033,256,0.25,0.3,0.0,ridge,complete,0.014740075080241603
2033,384,0.375,0.3,0.0,minimum_norm,complete,0.10753046879513062
2033,384,0.375,0.3,0.0,ridge,complete,0.015236924753024267
2033,512,0.5,0.3,0.0,minimum_norm,complete,0.2240166847937925
2033,512,0.5,0.3,0.0,ridge,complete,0.015779287493927624
2033,768,0.75,0.3,0.0,minimum_norm,complete,2.148937844935642
2033,768,0.75,0.3,0.0,ridge,complete,0.01521591351213962
2033,896,0.875,0.3,0.0,minimum_norm,complete,7.727113552153846
2033,896,0.875,0.3,0.0,ridge,complete,0.014852264704635208
2033,960,0.9375,0.3,0.0,minimum_norm,complete,33.011437282805865
2033,960,0.9375,0.3,0.0,ridge,complete,0.014233510976480054
2033,992,0.96875,0.3,0.0,minimum_norm,complete,59.49464831042538
2033,992,0.96875,0.3,0.0,ridge,complete,0.014104069030471126
2033,1023,0.9990234375,0.3,0.0,minimum_norm,complete,2163.37307485835
2033,1023,0.9990234375,0.3,0.0,ridge,complete,0.014203984447595276
2033,1024,1.0,0.3,0.0,minimum_norm,complete,2032.17832144551
2033,1024,1.0,0.3,0.0,ridge,complete,0.014185889128246195
2033,1025,1.0009765625,0.3,0.0,minimum_norm,complete,2134.2991584969473
2033,1025,1.0009765625,0.3,0.0,ridge,complete,0.014186914260225936
2033,1056,1.03125,0.3,0.0,minimum_norm,complete,107.8923079840426
2033,1056,1.03125,0.3,0.0,ridge,complete,0.014074640278215103
2033,1088,1.0625,0.3,0.0,minimum_norm,complete,66.10978876599567
2033,1088,1.0625,0.3,0.0,ridge,complete,0.014279781085341982
2033,1152,1.125,0.3,0.0,minimum_norm,complete,42.425649733954145
2033,1152,1.125,0.3,0.0,ridge,complete,0.014315404520800903
2033,1280,1.25,0.3,0.0,minimum_norm,complete,28.98996889690335
2033,1280,1.25,0.3,0.0,ridge,complete,0.014447334083594669
2033,1536,1.5,0.3,0.0,minimum_norm,complete,18.09931239978458
2033,1536,1.5,0.3,0.0,ridge,complete,0.01414422466255718
2033,2048,2.0,0.3,0.0,minimum_norm,complete,11.937207956917014
2033,2048,2.0,0.3,0.0,ridge,complete,0.014111670557380735
2033,3072,3.0,0.3,0.0,minimum_norm,complete,7.67589664490617
2033,3072,3.0,0.3,0.0,ridge,complete,0.014220942669813906
2033,4096,4.0,0.3,0.0,minimum_norm,complete,6.309788363120709
2033,4096,4.0,0.3,0.0,ridge,complete,0.014646980228039161
2033,8192,8.0,0.3,0.0,minimum_norm,complete,5.021778287411416
2033,8192,8.0,0.3,0.0,ridge,complete,0.014828518648543466
2034,64,0.0625,0.3,0.0,minimum_norm,complete,0.006504690654195594
2034,64,0.0625,0.3,0.0,ridge,complete,0.00533130357113952
2034,128,0.125,0.3,0.0,minimum_norm,complete,0.010718526836771866
2034,128,0.125,0.3,0.0,ridge,complete,0.004681005908181546
2034,256,0.25,0.3,0.0,minimum_norm,complete,0.04386640168261109
2034,256,0.25,0.3,0.0,ridge,complete,0.00998981230973034
2034,384,0.375,0.3,0.0,minimum_norm,complete,0.09341056124212235
2034,384,0.375,0.3,0.0,ridge,complete,0.011658244287092966
2034,512,0.5,0.3,0.0,minimum_norm,complete,0.233667110558527
2034,512,0.5,0.3,0.0,ridge,complete,0.013074465332591628
2034,768,0.75,0.3,0.0,minimum_norm,complete,1.7400691133619768
2034,768,0.75,0.3,0.0,ridge,complete,0.01336189141923147
2034,896,0.875,0.3,0.0,minimum_norm,complete,9.354595505852624
2034,896,0.875,0.3,0.0,ridge,complete,0.01460709063559102
2034,960,0.9375,0.3,0.0,minimum_norm,complete,23.77829873735859
2034,960,0.9375,0.3,0.0,ridge,complete,0.014993099328198332
2034,992,0.96875,0.3,0.0,minimum_norm,complete,60.87419172799884
2034,992,0.96875,0.3,0.0,ridge,complete,0.015302758491243865
2034,1023,0.9990234375,0.3,0.0,minimum_norm,complete,1710.5784299392783
2034,1023,0.9990234375,0.3,0.0,ridge,complete,0.015037723007231878
2034,1024,1.0,0.3,0.0,minimum_norm,complete,1102922.1359474089
2034,1024,1.0,0.3,0.0,ridge,complete,0.014989482704904439
2034,1025,1.0009765625,0.3,0.0,minimum_norm,complete,355106.81155525614
2034,1025,1.0009765625,0.3,0.0,ridge,complete,0.014992985213043465
2034,1056,1.03125,0.3,0.0,minimum_norm,complete,137.5900875908911
2034,1056,1.03125,0.3,0.0,ridge,complete,0.014673616226536488
2034,1088,1.0625,0.3,0.0,minimum_norm,complete,80.17688858069478
2034,1088,1.0625,0.3,0.0,ridge,complete,0.014845693552663738
2034,1152,1.125,0.3,0.0,minimum_norm,complete,52.89875709676899
2034,1152,1.125,0.3,0.0,ridge,complete,0.014549381627995732
2034,1280,1.25,0.3,0.0,minimum_norm,complete,27.49467788602519
2034,1280,1.25,0.3,0.0,ridge,complete,0.014313250702415292
2034,1536,1.5,0.3,0.0,minimum_norm,complete,19.853213544912812
2034,1536,1.5,0.3,0.0,ridge,complete,0.014249601328150778
2034,2048,2.0,0.3,0.0,minimum_norm,complete,12.708232152758708
2034,2048,2.0,0.3,0.0,ridge,complete,0.013981081694791446
2034,3072,3.0,0.3,0.0,minimum_norm,complete,8.69931056954805
2034,3072,3.0,0.3,0.0,ridge,complete,0.014265888915704628
2034,4096,4.0,0.3,0.0,minimum_norm,complete,7.338090364241918
2034,4096,4.0,0.3,0.0,ridge,complete,0.013799493360097507
2034,8192,8.0,0.3,0.0,minimum_norm,complete,4.9009898722682035
2034,8192,8.0,0.3,0.0,ridge,complete,0.013953065925858033
2035,64,0.0625,0.3,0.0,minimum_norm,complete,0.003946168995885846
2035,64,0.0625,0.3,0.0,ridge,complete,0.00463350242375668
2035,128,0.125,0.3,0.0,minimum_norm,complete,0.015822280685803616
2035,128,0.125,0.3,0.0,ridge,complete,0.008788556948159457
2035,256,0.25,0.3,0.0,minimum_norm,complete,0.05448894565108042
2035,256,0.25,0.3,0.0,ridge,complete,0.010537797869421411
2035,384,0.375,0.3,0.0,minimum_norm,complete,0.10709350210536675
2035,384,0.375,0.3,0.0,ridge,complete,0.012215936809841982
2035,512,0.5,0.3,0.0,minimum_norm,complete,0.23984144924916379
2035,512,0.5,0.3,0.0,ridge,complete,0.012902824280799842
2035,768,0.75,0.3,0.0,minimum_norm,complete,1.7551276140052665
2035,768,0.75,0.3,0.0,ridge,complete,0.01338915197223009
2035,896,0.875,0.3,0.0,minimum_norm,complete,8.472060411220268
2035,896,0.875,0.3,0.0,ridge,complete,0.01312176992106464
2035,960,0.9375,0.3,0.0,minimum_norm,complete,24.559295255388466
2035,960,0.9375,0.3,0.0,ridge,complete,0.013710738619772327
2035,992,0.96875,0.3,0.0,minimum_norm,complete,53.9225591034947
2035,992,0.96875,0.3,0.0,ridge,complete,0.01356936024498566
2035,1023,0.9990234375,0.3,0.0,minimum_norm,complete,948.2344748199484
2035,1023,0.9990234375,0.3,0.0,ridge,complete,0.013864392620961417
2035,1024,1.0,0.3,0.0,minimum_norm,complete,412681.8047922101
2035,1024,1.0,0.3,0.0,ridge,complete,0.013891430950510573
2035,1025,1.0009765625,0.3,0.0,minimum_norm,complete,5521.307282259247
2035,1025,1.0009765625,0.3,0.0,ridge,complete,0.013879672724592784
2035,1056,1.03125,0.3,0.0,minimum_norm,complete,105.08820727023866
2035,1056,1.03125,0.3,0.0,ridge,complete,0.013820528708082053
2035,1088,1.0625,0.3,0.0,minimum_norm,complete,74.2409590747996
2035,1088,1.0625,0.3,0.0,ridge,complete,0.01416836421899497
2035,1152,1.125,0.3,0.0,minimum_norm,complete,42.66629645543063
2035,1152,1.125,0.3,0.0,ridge,complete,0.01425939329508967
2035,1280,1.25,0.3,0.0,minimum_norm,complete,26.06808926811981
2035,1280,1.25,0.3,0.0,ridge,complete,0.01426058714780186
2035,1536,1.5,0.3,0.0,minimum_norm,complete,15.86154866296329
2035,1536,1.5,0.3,0.0,ridge,complete,0.014365507626421064
2035,2048,2.0,0.3,0.0,minimum_norm,complete,11.283488846811737
2035,2048,2.0,0.3,0.0,ridge,complete,0.013711586128996676
2035,3072,3.0,0.3,0.0,minimum_norm,complete,8.151534015924188
2035,3072,3.0,0.3,0.0,ridge,complete,0.014257773981124721
2035,4096,4.0,0.3,0.0,minimum_norm,complete,6.784069568250343
2035,4096,4.0,0.3,0.0,ridge,complete,0.014167334020234543
2035,8192,8.0,0.3,0.0,minimum_norm,complete,5.148952044295192
2035,8192,8.0,0.3,0.0,ridge,complete,0.014473789198041511
