n_features,ratio,noise_std,solver,registered_count,complete_count,failed_count,test_signal_mse_difference_count,test_signal_mse_difference_mean,test_signal_mse_difference_std
64,0.0625,0.3,minimum_norm,10,10,0,10,0.00580729939461754,0.002205202966483485
64,0.0625,0.3,ridge,10,10,0,10,0.005242417462814827,0.0020217441600218857
128,0.125,0.3,minimum_norm,10,10,0,10,0.013473532667607317,0.004080500077943334
128,0.125,0.3,ridge,10,10,0,10,0.00803928330904752,0.002639871351045605
256,0.25,0.3,minimum_norm,10,10,0,10,0.046403558006319665,0.005871323234719524
256,0.25,0.3,ridge,10,10,0,10,0.011214181367772654,0.0019802915779529237
384,0.375,0.3,minimum_norm,10,10,0,10,0.09906728782480385,0.009476315717727883
384,0.375,0.3,ridge,10,10,0,10,0.012601174992758113,0.0011598479516479827
512,0.5,0.3,minimum_norm,10,10,0,10,0.22442168322452738,0.01898014358186942
512,0.5,0.3,ridge,10,10,0,10,0.013103700183877912,0.001270816920036044
768,0.75,0.3,minimum_norm,10,10,0,10,1.727851156026072,0.21477867603507617
768,0.75,0.3,ridge,10,10,0,10,0.01398730554745802,0.0008569415170439285
896,0.875,0.3,minimum_norm,10,10,0,10,8.491080874874477,1.6664717454898599
896,0.875,0.3,ridge,10,10,0,10,0.014383015900384679,0.000766647606002515
960,0.9375,0.3,minimum_norm,10,10,0,10,27.33362152136582,6.128971516375925
960,0.9375,0.3,ridge,10,10,0,10,0.014469020259351633,0.0007826830192902695
992,0.96875,0.3,minimum_norm,10,10,0,10,74.732468857745,16.904192931931423
992,0.96875,0.3,ridge,10,10,0,10,0.014466200672012297,0.0008893012136334844
1023,0.9990234375,0.3,minimum_norm,10,10,0,10,5703.655967558994,6293.652266676037
1023,0.9990234375,0.3,ridge,10,10,0,10,0.014502125463314097,0.0007997811863204233
1024,1.0,0.3,minimum_norm,10,10,0,10,172876.89730414763,350198.1942741398
1024,1.0,0.3,ridge,10,10,0,10,0.014503357846596728,0.0008025451597835943
1025,1.0009765625,0.3,minimum_norm,10,10,0,10,40522.126811818875,110598.49131527911
1025,1.0009765625,0.3,ridge,10,10,0,10,0.0145039785284627,0.0008081973923374504
1056,1.03125,0.3,minimum_norm,10,10,0,10,140.61477345847157,43.44970949744914
1056,1.03125,0.3,ridge,10,10,0,10,0.014452966828096983,0.0008684651759735885
1088,1.0625,0.3,minimum_norm,10,10,0,10,75.88531425832466,15.401642398698256
1088,1.0625,0.3,ridge,10,10,0,10,0.014471804620121344,0.0009298251882645134
1152,1.125,0.3,minimum_norm,10,10,0,10,46.96059421269542,7.049006857325072
1152,1.125,0.3,ridge,10,10,0,10,0.014552659499544967,0.0008598719353689373
1280,1.25,0.3,minimum_norm,10,10,0,10,26.846107475136808,2.350725020022719
1280,1.25,0.3,ridge,10,10,0,10,0.014570925963214316,0.0008452149445303577
1536,1.5,0.3,minimum_norm,10,10,0,10,17.774714644584066,1.3227556844998742
1536,1.5,0.3,ridge,10,10,0,10,0.014727605292679923,0.0006531676920368921
2048,2.0,0.3,minimum_norm,10,10,0,10,11.663340247244795,0.6627402778894671
2048,2.0,0.3,ridge,10,10,0,10,0.014587412127888966,0.0006655276892248592
3072,3.0,0.3,minimum_norm,10,10,0,10,8.276547650633432,0.3943875108640293
3072,3.0,0.3,ridge,10,10,0,10,0.014752399813087375,0.0004328167811126084
4096,4.0,0.3,minimum_norm,10,10,0,10,6.873614771470008,0.29628330447412216
4096,4.0,0.3,ridge,10,10,0,10,0.014763438405471466,0.00047983490392122194
8192,8.0,0.3,minimum_norm,10,10,0,10,5.001345310886343,0.15127681041124405
8192,8.0,0.3,ridge,10,10,0,10,0.014765241470712695,0.0004092568778562493
