config_hash,cpu_rss_bytes,development_identity,failure_reason,feature_seconds,n_features,prediction_seconds,seed,status,svd_count,svd_seconds,total_seconds
9ee59ec9d385edc57c2b215599f0adcce0ff3871e593847360c37e1631e645db,698138624,e2f31971c458a60fd6c29e8eca1393f792a53a1f190d080569f71d4b4eb23559,,0.006609166000089317,64,0.0007843749999665306,2026,complete,1,0.0025412499999220017,0.015675332999990133
9ee59ec9d385edc57c2b215599f0adcce0ff3871e593847360c37e1631e645db,698155008,e2f31971c458a60fd6c29e8eca1393f792a53a1f190d080569f71d4b4eb23559,,0.004913917000067158,128,0.0011678749999646243,2026,complete,1,0.006729541999902722,0.01832916699981979
9ee59ec9d385edc57c2b215599f0adcce0ff3871e593847360c37e1631e645db,306298880,e2f31971c458a60fd6c29e8eca1393f792a53a1f190d080569f71d4b4eb23559,,0.007933249999950931,256,0.0025638749998506682,2026,complete,1,0.02642037500004335,0.043742625000049884
9ee59ec9d385edc57c2b215599f0adcce0ff3871e593847360c37e1631e645db,714063872,e2f31971c458a60fd6c29e8eca1393f792a53a1f190d080569f71d4b4eb23559,,0.00670945899992148,384,0.003525750000108019,2026,complete,1,0.029607790999989447,0.04679929200005972
9ee59ec9d385edc57c2b215599f0adcce0ff3871e593847360c37e1631e645db,735117312,e2f31971c458a60fd6c29e8eca1393f792a53a1f190d080569f71d4b4eb23559,,0.0062105829999836715,512,0.004618041000185258,2026,complete,1,0.05132299999991119,0.06891770799984442
9ee59ec9d385edc57c2b215599f0adcce0ff3871e593847360c37e1631e645db,735232000,e2f31971c458a60fd6c29e8eca1393f792a53a1f190d080569f71d4b4eb23559,,0.006110874999876614,768,0.005910165999921446,2026,complete,1,0.09394391699993321,0.11362212499989255
9ee59ec9d385edc57c2b215599f0adcce0ff3871e593847360c37e1631e645db,735395840,e2f31971c458a60fd6c29e8eca1393f792a53a1f190d080569f71d4b4eb23559,,0.006301500000063243,896,0.006401667000091038,2026,complete,1,0.12029666699982045,0.14143016599996372
9ee59ec9d385edc57c2b215599f0adcce0ff3871e593847360c37e1631e645db,735428608,e2f31971c458a60fd6c29e8eca1393f792a53a1f190d080569f71d4b4eb23559,,0.006767084000102841,960,0.007151957999894876,2026,complete,1,0.12915408300000308,0.15267758300001333
9ee59ec9d385edc57c2b215599f0adcce0ff3871e593847360c37e1631e645db,735444992,e2f31971c458a60fd6c29e8eca1393f792a53a1f190d080569f71d4b4eb23559,,0.006996834000119634,992,0.007113875000186454,2026,complete,1,0.13864804199988612,0.16199170799995954
9ee59ec9d385edc57c2b215599f0adcce0ff3871e593847360c37e1631e645db,735461376,e2f31971c458a60fd6c29e8eca1393f792a53a1f190d080569f71d4b4eb23559,,0.007020541999963825,1023,0.008651417000010042,2026,complete,1,0.163259374999825,0.18921324999996614
9ee59ec9d385edc57c2b215599f0adcce0ff3871e593847360c37e1631e645db,382238720,e2f31971c458a60fd6c29e8eca1393f792a53a1f190d080569f71d4b4eb23559,,0.008196499999939988,1024,0.00892795799995838,2026,complete,1,0.16675000000009277,0.19359875000009197
9ee59ec9d385edc57c2b215599f0adcce0ff3871e593847360c37e1631e645db,760889344,e2f31971c458a60fd6c29e8eca1393f792a53a1f190d080569f71d4b4eb23559,,0.00695704199983993,1025,0.01125875000002452,2026,complete,1,0.19128654199994344,0.21955983300017579
9ee59ec9d385edc57c2b215599f0adcce0ff3871e593847360c37e1631e645db,786972672,e2f31971c458a60fd6c29e8eca1393f792a53a1f190d080569f71d4b4eb23559,,0.007072957999980645,1056,0.00905325000007906,2026,complete,1,0.18667425000012372,0.2151254999998855
9ee59ec9d385edc57c2b215599f0adcce0ff3871e593847360c37e1631e645db,831700992,e2f31971c458a60fd6c29e8eca1393f792a53a1f190d080569f71d4b4eb23559,,0.008442999999942913,1088,0.009829124999896521,2026,complete,1,0.18812945800004854,0.21646495799996046
9ee59ec9d385edc57c2b215599f0adcce0ff3871e593847360c37e1631e645db,879181824,e2f31971c458a60fd6c29e8eca1393f792a53a1f190d080569f71d4b4eb23559,,0.008640167000066867,1152,0.01034950000007484,2026,complete,1,0.20123100000000704,0.23131949999992685
9ee59ec9d385edc57c2b215599f0adcce0ff3871e593847360c37e1631e645db,932134912,e2f31971c458a60fd6c29e8eca1393f792a53a1f190d080569f71d4b4eb23559,,0.009580041000162964,1280,0.011928249999982654,2026,complete,1,0.22462174999986928,0.2582430839997869
9ee59ec9d385edc57c2b215599f0adcce0ff3871e593847360c37e1631e645db,749895680,e2f31971c458a60fd6c29e8eca1393f792a53a1f190d080569f71d4b4eb23559,,0.010312625000096887,1536,0.01953045799996289,2026,complete,1,0.4060687500000313,0.44991258400000333
9ee59ec9d385edc57c2b215599f0adcce0ff3871e593847360c37e1631e645db,810139648,e2f31971c458a60fd6c29e8eca1393f792a53a1f190d080569f71d4b4eb23559,,0.01265029199998935,2048,0.021446833000027254,2026,complete,1,0.3758863749999364,0.4253118340000128
9ee59ec9d385edc57c2b215599f0adcce0ff3871e593847360c37e1631e645db,900005888,e2f31971c458a60fd6c29e8eca1393f792a53a1f190d080569f71d4b4eb23559,,0.012909374999935608,3072,0.028973291000056633,2026,complete,1,0.5846609170000647,0.6466457500000615
9ee59ec9d385edc57c2b215599f0adcce0ff3871e593847360c37e1631e645db,1047068672,e2f31971c458a60fd6c29e8eca1393f792a53a1f190d080569f71d4b4eb23559,,0.04800870799999757,4096,0.04688091599996369,2026,complete,1,0.7101840830000583,0.83239308300017
9ee59ec9d385edc57c2b215599f0adcce0ff3871e593847360c37e1631e645db,675348480,e2f31971c458a60fd6c29e8eca1393f792a53a1f190d080569f71d4b4eb23559,,0.028075625000155924,8192,0.07973425000000134,2026,complete,1,1.3599650410001232,1.5192282079999586
9ee59ec9d385edc57c2b215599f0adcce0ff3871e593847360c37e1631e645db,1049018368,e2f31971c458a60fd6c29e8eca1393f792a53a1f190d080569f71d4b4eb23559,,0.005975167000087822,64,0.0009804999999687425,2027,complete,1,0.002639249999901949,0.016545209000014438
9ee59ec9d385edc57c2b215599f0adcce0ff3871e593847360c37e1631e645db,1049362432,e2f31971c458a60fd6c29e8eca1393f792a53a1f190d080569f71d4b4eb23559,,0.01067804200010869,128,0.001446750000013708,2027,complete,1,0.007698707999907128,0.031672791000119105
9ee59ec9d385edc57c2b215599f0adcce0ff3871e593847360c37e1631e645db,1068466176,e2f31971c458a60fd6c29e8eca1393f792a53a1f190d080569f71d4b4eb23559,,0.0061541249999663705,256,0.0043969999999262654,2027,complete,1,0.08210829099994044,0.09996399999999994
9ee59ec9d385edc57c2b215599f0adcce0ff3871e593847360c37e1631e645db,1075068928,e2f31971c458a60fd6c29e8eca1393f792a53a1f190d080569f71d4b4eb23559,,0.006001332999858278,384,0.004460915999970894,2027,complete,1,0.03010454199988999,0.04801233399984994
9ee59ec9d385edc57c2b215599f0adcce0ff3871e593847360c37e1631e645db,1083588608,e2f31971c458a60fd6c29e8eca1393f792a53a1f190d080569f71d4b4eb23559,,0.00622370799987948,512,0.005725875000052838,2027,complete,1,0.05759279099993364,0.07793441599983453
9ee59ec9d385edc57c2b215599f0adcce0ff3871e593847360c37e1631e645db,1099595776,e2f31971c458a60fd6c29e8eca1393f792a53a1f190d080569f71d4b4eb23559,,0.007428417000028276,768,0.006985374999885607,2027,complete,1,0.09938474999989921,0.12236287500013532
9ee59ec9d385edc57c2b215599f0adcce0ff3871e593847360c37e1631e645db,1105510400,e2f31971c458a60fd6c29e8eca1393f792a53a1f190d080569f71d4b4eb23559,,0.00777054200011662,896,0.008316041999933077,2027,complete,1,0.12169954099999813,0.1491785420000724
9ee59ec9d385edc57c2b215599f0adcce0ff3871e593847360c37e1631e645db,1107836928,e2f31971c458a60fd6c29e8eca1393f792a53a1f190d080569f71d4b4eb23559,,0.007500124999978652,960,0.007911708000165163,2027,complete,1,0.1396127499999693,0.16524395800001912
9ee59ec9d385edc57c2b215599f0adcce0ff3871e593847360c37e1631e645db,1108819968,e2f31971c458a60fd6c29e8eca1393f792a53a1f190d080569f71d4b4eb23559,,0.007155167000064466,992,0.007528207999939696,2027,complete,1,0.1443672919999699,0.17019125000001623
9ee59ec9d385edc57c2b215599f0adcce0ff3871e593847360c37e1631e645db,1110261760,e2f31971c458a60fd6c29e8eca1393f792a53a1f190d080569f71d4b4eb23559,,0.0077357090001441975,1023,0.00935641699993539,2027,complete,1,0.167249166999909,0.19568645799995465
9ee59ec9d385edc57c2b215599f0adcce0ff3871e593847360c37e1631e645db,1110458368,e2f31971c458a60fd6c29e8eca1393f792a53a1f190d080569f71d4b4eb23559,,0.007508916999995563,1024,0.008038916000032259,2027,complete,1,0.16354541600003358,0.19001587499997186
9ee59ec9d385edc57c2b215599f0adcce0ff3871e593847360c37e1631e645db,1124990976,e2f31971c458a60fd6c29e8eca1393f792a53a1f190d080569f71d4b4eb23559,,0.009059541999931753,1025,0.009557625000070402,2027,complete,1,0.18037216700008685,0.21038883300002453
9ee59ec9d385edc57c2b215599f0adcce0ff3871e593847360c37e1631e645db,1135345664,e2f31971c458a60fd6c29e8eca1393f792a53a1f190d080569f71d4b4eb23559,,0.007752292000077432,1056,0.025425124999856052,2027,complete,1,0.19668641699990985,0.24430849999998827
9ee59ec9d385edc57c2b215599f0adcce0ff3871e593847360c37e1631e645db,1157578752,e2f31971c458a60fd6c29e8eca1393f792a53a1f190d080569f71d4b4eb23559,,0.009471915999938574,1088,0.010285792000104266,2027,complete,1,0.1903864999999314,0.22174570900006074
9ee59ec9d385edc57c2b215599f0adcce0ff3871e593847360c37e1631e645db,1178075136,e2f31971c458a60fd6c29e8eca1393f792a53a1f190d080569f71d4b4eb23559,,0.008316458000081184,1152,0.011262333000104263,2027,complete,1,0.2009391249998771,0.23114862499983246
9ee59ec9d385edc57c2b215599f0adcce0ff3871e593847360c37e1631e645db,1194557440,e2f31971c458a60fd6c29e8eca1393f792a53a1f190d080569f71d4b4eb23559,,0.007851292000168542,1280,0.012298666999868146,2027,complete,1,0.22401895899997726,0.25499712500004534
9ee59ec9d385edc57c2b215599f0adcce0ff3871e593847360c37e1631e645db,1206861824,e2f31971c458a60fd6c29e8eca1393f792a53a1f190d080569f71d4b4eb23559,,0.008330624999871361,1536,0.013532209000004514,2027,complete,1,0.27218633299980866,0.30639512499988086
9ee59ec9d385edc57c2b215599f0adcce0ff3871e593847360c37e1631e645db,1207025664,e2f31971c458a60fd6c29e8eca1393f792a53a1f190d080569f71d4b4eb23559,,0.009288834000017232,2048,0.017594916000007288,2027,complete,1,0.3636042919999909,0.40592245799984994
9ee59ec9d385edc57c2b215599f0adcce0ff3871e593847360c37e1631e645db,1207140352,e2f31971c458a60fd6c29e8eca1393f792a53a1f190d080569f71d4b4eb23559,,0.010988624999981766,3072,0.021082917000057932,2027,complete,1,0.5266100420001294,0.5781345830000646
9ee59ec9d385edc57c2b215599f0adcce0ff3871e593847360c37e1631e645db,1207173120,e2f31971c458a60fd6c29e8eca1393f792a53a1f190d080569f71d4b4eb23559,,0.012998124999967331,4096,0.02837154200005898,2027,complete,1,0.6897328750001179,0.7564437500000167
9ee59ec9d385edc57c2b215599f0adcce0ff3871e593847360c37e1631e645db,1257897984,e2f31971c458a60fd6c29e8eca1393f792a53a1f190d080569f71d4b4eb23559,,0.021261999999978798,8192,0.06532045800008746,2027,complete,1,1.342105500000116,1.4803322089999256
9ee59ec9d385edc57c2b215599f0adcce0ff3871e593847360c37e1631e645db,1257930752,e2f31971c458a60fd6c29e8eca1393f792a53a1f190d080569f71d4b4eb23559,,0.005516707999959181,64,0.0007217079999009002,2028,complete,1,0.002859624999928201,0.015407542000048124
9ee59ec9d385edc57c2b215599f0adcce0ff3871e593847360c37e1631e645db,1257996288,e2f31971c458a60fd6c29e8eca1393f792a53a1f190d080569f71d4b4eb23559,,0.00531924999995681,128,0.0011805829999502748,2028,complete,1,0.006717124999795487,0.019429791999982626
9ee59ec9d385edc57c2b215599f0adcce0ff3871e593847360c37e1631e645db,1262567424,e2f31971c458a60fd6c29e8eca1393f792a53a1f190d080569f71d4b4eb23559,,0.005475625000144646,256,0.002578082999889375,2028,complete,1,0.016493291999950088,0.03084941599990998
9ee59ec9d385edc57c2b215599f0adcce0ff3871e593847360c37e1631e645db,1262649344,e2f31971c458a60fd6c29e8eca1393f792a53a1f190d080569f71d4b4eb23559,,0.005981249999877036,384,0.0030260000000907894,2028,complete,1,0.030301624999992782,0.04654266599982293
9ee59ec9d385edc57c2b215599f0adcce0ff3871e593847360c37e1631e645db,1262682112,e2f31971c458a60fd6c29e8eca1393f792a53a1f190d080569f71d4b4eb23559,,0.006421166999871275,512,0.0043682499999704305,2028,complete,1,0.05029362499999479,0.07077970800014555
9ee59ec9d385edc57c2b215599f0adcce0ff3871e593847360c37e1631e645db,1262764032,e2f31971c458a60fd6c29e8eca1393f792a53a1f190d080569f71d4b4eb23559,,0.0066181249999317515,768,0.006024458999945637,2028,complete,1,0.10102537499983555,0.12264883300008478
9ee59ec9d385edc57c2b215599f0adcce0ff3871e593847360c37e1631e645db,1262796800,e2f31971c458a60fd6c29e8eca1393f792a53a1f190d080569f71d4b4eb23559,,0.007190165999872988,896,0.006654667000020709,2028,complete,1,0.12272170799997184,0.15913091600009466
9ee59ec9d385edc57c2b215599f0adcce0ff3871e593847360c37e1631e645db,1262829568,e2f31971c458a60fd6c29e8eca1393f792a53a1f190d080569f71d4b4eb23559,,0.012105499999961467,960,0.007539707999967504,2028,complete,1,0.13787112499994691,0.1664964169999621
9ee59ec9d385edc57c2b215599f0adcce0ff3871e593847360c37e1631e645db,1262977024,e2f31971c458a60fd6c29e8eca1393f792a53a1f190d080569f71d4b4eb23559,,0.007618624999849999,992,0.0077345839999907184,2028,complete,1,0.14240025000003698,0.16821241700017708
9ee59ec9d385edc57c2b215599f0adcce0ff3871e593847360c37e1631e645db,1263026176,e2f31971c458a60fd6c29e8eca1393f792a53a1f190d080569f71d4b4eb23559,,0.007320208000010098,1023,0.009116500000118322,2028,complete,1,0.16636625000001004,0.19339704200001506
9ee59ec9d385edc57c2b215599f0adcce0ff3871e593847360c37e1631e645db,1263058944,e2f31971c458a60fd6c29e8eca1393f792a53a1f190d080569f71d4b4eb23559,,0.007517541000197525,1024,0.008334666000109792,2028,complete,1,0.16760999999996784,0.1938708330001191
9ee59ec9d385edc57c2b215599f0adcce0ff3871e593847360c37e1631e645db,1263091712,e2f31971c458a60fd6c29e8eca1393f792a53a1f190d080569f71d4b4eb23559,,0.007605709000017669,1025,0.009270915999877616,2028,complete,1,0.17912412499981656,0.20668433300011202
9ee59ec9d385edc57c2b215599f0adcce0ff3871e593847360c37e1631e645db,1263140864,e2f31971c458a60fd6c29e8eca1393f792a53a1f190d080569f71d4b4eb23559,,0.007398875000035332,1056,0.008196084000019255,2028,complete,1,0.1831110829998579,0.2087765409999065
9ee59ec9d385edc57c2b215599f0adcce0ff3871e593847360c37e1631e645db,1263190016,e2f31971c458a60fd6c29e8eca1393f792a53a1f190d080569f71d4b4eb23559,,0.00766295799985528,1088,0.008444124999869018,2028,complete,1,0.18776441599993632,0.21457937499985746
9ee59ec9d385edc57c2b215599f0adcce0ff3871e593847360c37e1631e645db,1263206400,e2f31971c458a60fd6c29e8eca1393f792a53a1f190d080569f71d4b4eb23559,,0.007847332999972423,1152,0.008836374999873442,2028,complete,1,0.1989312499999869,0.2271726670001044
9ee59ec9d385edc57c2b215599f0adcce0ff3871e593847360c37e1631e645db,1263288320,e2f31971c458a60fd6c29e8eca1393f792a53a1f190d080569f71d4b4eb23559,,0.007436916999949972,1280,0.010362083000018174,2028,complete,1,0.2239171249998435,0.2531189999999697
9ee59ec9d385edc57c2b215599f0adcce0ff3871e593847360c37e1631e645db,1263353856,e2f31971c458a60fd6c29e8eca1393f792a53a1f190d080569f71d4b4eb23559,,0.008540583000012703,1536,0.012100541000108933,2028,complete,1,0.27494104199990943,0.30713783399983186
9ee59ec9d385edc57c2b215599f0adcce0ff3871e593847360c37e1631e645db,1263386624,e2f31971c458a60fd6c29e8eca1393f792a53a1f190d080569f71d4b4eb23559,,0.00907520900000236,2048,0.01864783299993178,2028,complete,1,0.36462870800005476,0.41096699999980046
9ee59ec9d385edc57c2b215599f0adcce0ff3871e593847360c37e1631e645db,1263468544,e2f31971c458a60fd6c29e8eca1393f792a53a1f190d080569f71d4b4eb23559,,0.011150125000085609,3072,0.02211816700014424,2028,complete,1,0.5579769999999371,0.6142842080000719
9ee59ec9d385edc57c2b215599f0adcce0ff3871e593847360c37e1631e645db,1263583232,e2f31971c458a60fd6c29e8eca1393f792a53a1f190d080569f71d4b4eb23559,,0.012878249999857871,4096,0.02974270799995793,2028,complete,1,0.7204466250000223,0.7902102499999728
9ee59ec9d385edc57c2b215599f0adcce0ff3871e593847360c37e1631e645db,1263648768,e2f31971c458a60fd6c29e8eca1393f792a53a1f190d080569f71d4b4eb23559,,0.02060979199995927,8192,0.05807779199994911,2028,complete,1,1.358481791000031,1.4873553749998791
9ee59ec9d385edc57c2b215599f0adcce0ff3871e593847360c37e1631e645db,1263681536,e2f31971c458a60fd6c29e8eca1393f792a53a1f190d080569f71d4b4eb23559,,0.005196082999873397,64,0.0008194160000130069,2029,complete,1,0.0028642919999128935,0.014692415999888908
9ee59ec9d385edc57c2b215599f0adcce0ff3871e593847360c37e1631e645db,1263714304,e2f31971c458a60fd6c29e8eca1393f792a53a1f190d080569f71d4b4eb23559,,0.005050917000062327,128,0.0010987499999828287,2029,complete,1,0.006834667000021,0.0185534159998042
9ee59ec9d385edc57c2b215599f0adcce0ff3871e593847360c37e1631e645db,1263730688,e2f31971c458a60fd6c29e8eca1393f792a53a1f190d080569f71d4b4eb23559,,0.005354541999849971,256,0.0022547080000094866,2029,complete,1,0.01619641699994645,0.029836541999884503
9ee59ec9d385edc57c2b215599f0adcce0ff3871e593847360c37e1631e645db,1263730688,e2f31971c458a60fd6c29e8eca1393f792a53a1f190d080569f71d4b4eb23559,,0.005660583000008046,384,0.002806708999969487,2029,complete,1,0.028807082999946942,0.04371879099994658
9ee59ec9d385edc57c2b215599f0adcce0ff3871e593847360c37e1631e645db,1263730688,e2f31971c458a60fd6c29e8eca1393f792a53a1f190d080569f71d4b4eb23559,,0.006383541999866793,512,0.003866874999857828,2029,complete,1,0.049924417000056565,0.06718437499989705
9ee59ec9d385edc57c2b215599f0adcce0ff3871e593847360c37e1631e645db,1263812608,e2f31971c458a60fd6c29e8eca1393f792a53a1f190d080569f71d4b4eb23559,,0.0060645420001037564,768,0.005644207999921491,2029,complete,1,0.09555291700007729,0.11520750000022417
9ee59ec9d385edc57c2b215599f0adcce0ff3871e593847360c37e1631e645db,1263845376,e2f31971c458a60fd6c29e8eca1393f792a53a1f190d080569f71d4b4eb23559,,0.006434000000126616,896,0.0066106250001212175,2029,complete,1,0.11620695800002068,0.13771074999999655
9ee59ec9d385edc57c2b215599f0adcce0ff3871e593847360c37e1631e645db,1107918848,e2f31971c458a60fd6c29e8eca1393f792a53a1f190d080569f71d4b4eb23559,,0.006932041000027311,960,0.008674208000002182,2029,complete,1,0.1326627500000086,0.16015170900004705
9ee59ec9d385edc57c2b215599f0adcce0ff3871e593847360c37e1631e645db,1107951616,e2f31971c458a60fd6c29e8eca1393f792a53a1f190d080569f71d4b4eb23559,,0.0073502499999449356,992,0.007658124999807114,2029,complete,1,0.14408087499987232,0.16931516599993301
9ee59ec9d385edc57c2b215599f0adcce0ff3871e593847360c37e1631e645db,1107968000,e2f31971c458a60fd6c29e8eca1393f792a53a1f190d080569f71d4b4eb23559,,0.007662666999976864,1023,0.008982250000144631,2029,complete,1,0.16743741699997372,0.19338695800001915
9ee59ec9d385edc57c2b215599f0adcce0ff3871e593847360c37e1631e645db,1108049920,e2f31971c458a60fd6c29e8eca1393f792a53a1f190d080569f71d4b4eb23559,,0.007216792000008354,1024,0.010553583000046274,2029,complete,1,0.17290000000002692,0.20169341699988763
9ee59ec9d385edc57c2b215599f0adcce0ff3871e593847360c37e1631e645db,1108066304,e2f31971c458a60fd6c29e8eca1393f792a53a1f190d080569f71d4b4eb23559,,0.007721875000015643,1025,0.009194750000006024,2029,complete,1,0.18018241699996906,0.20717245799983175
9ee59ec9d385edc57c2b215599f0adcce0ff3871e593847360c37e1631e645db,1108066304,e2f31971c458a60fd6c29e8eca1393f792a53a1f190d080569f71d4b4eb23559,,0.007100792000073852,1056,0.008051833000081388,2029,complete,1,0.18390545900001598,0.20863699999995333
9ee59ec9d385edc57c2b215599f0adcce0ff3871e593847360c37e1631e645db,1108082688,e2f31971c458a60fd6c29e8eca1393f792a53a1f190d080569f71d4b4eb23559,,0.007298207999838269,1088,0.008314334000033341,2029,complete,1,0.18764000000010128,0.21320479199994224
9ee59ec9d385edc57c2b215599f0adcce0ff3871e593847360c37e1631e645db,1108148224,e2f31971c458a60fd6c29e8eca1393f792a53a1f190d080569f71d4b4eb23559,,0.007253666999986308,1152,0.008861208000098486,2029,complete,1,0.2014684580001358,0.22727624999993168
9ee59ec9d385edc57c2b215599f0adcce0ff3871e593847360c37e1631e645db,1108164608,e2f31971c458a60fd6c29e8eca1393f792a53a1f190d080569f71d4b4eb23559,,0.007648750000043947,1280,0.011443415999792705,2029,complete,1,0.22380070799999885,0.2537745409999843
9ee59ec9d385edc57c2b215599f0adcce0ff3871e593847360c37e1631e645db,1108230144,e2f31971c458a60fd6c29e8eca1393f792a53a1f190d080569f71d4b4eb23559,,0.008137750000059896,1536,0.012157167000168556,2029,complete,1,0.278229458999931,0.3100615000000744
9ee59ec9d385edc57c2b215599f0adcce0ff3871e593847360c37e1631e645db,1108262912,e2f31971c458a60fd6c29e8eca1393f792a53a1f190d080569f71d4b4eb23559,,0.009000250000099186,2048,0.0170764169999984,2029,complete,1,0.3439837079999961,0.3846991660000185
9ee59ec9d385edc57c2b215599f0adcce0ff3871e593847360c37e1631e645db,1108328448,e2f31971c458a60fd6c29e8eca1393f792a53a1f190d080569f71d4b4eb23559,,0.01063174999990224,3072,0.02065149999998539,2029,complete,1,0.5151529170000231,0.5668073340000319
9ee59ec9d385edc57c2b215599f0adcce0ff3871e593847360c37e1631e645db,1108377600,e2f31971c458a60fd6c29e8eca1393f792a53a1f190d080569f71d4b4eb23559,,0.012314042000070913,4096,0.027473374999999578,2029,complete,1,0.6744394580000517,0.7401094159999957
9ee59ec9d385edc57c2b215599f0adcce0ff3871e593847360c37e1631e645db,1175519232,e2f31971c458a60fd6c29e8eca1393f792a53a1f190d080569f71d4b4eb23559,,0.01873908300012772,8192,0.06295875000000706,2029,complete,1,1.3783605420001095,1.5090274169999702
9ee59ec9d385edc57c2b215599f0adcce0ff3871e593847360c37e1631e645db,1175584768,e2f31971c458a60fd6c29e8eca1393f792a53a1f190d080569f71d4b4eb23559,,0.005545041000004858,64,0.0007533749999311112,2030,complete,1,0.002714209000032497,0.014724541000077807
9ee59ec9d385edc57c2b215599f0adcce0ff3871e593847360c37e1631e645db,1175584768,e2f31971c458a60fd6c29e8eca1393f792a53a1f190d080569f71d4b4eb23559,,0.005271792000030473,128,0.001165374999800406,2030,complete,1,0.007552958000133003,0.019553708000103143
9ee59ec9d385edc57c2b215599f0adcce0ff3871e593847360c37e1631e645db,1175617536,e2f31971c458a60fd6c29e8eca1393f792a53a1f190d080569f71d4b4eb23559,,0.005376041999852532,256,0.002385541999956331,2030,complete,1,0.017103208999969866,0.030946332999974402
9ee59ec9d385edc57c2b215599f0adcce0ff3871e593847360c37e1631e645db,1175683072,e2f31971c458a60fd6c29e8eca1393f792a53a1f190d080569f71d4b4eb23559,,0.005781958999932613,384,0.0030345840000336466,2030,complete,1,0.02984100000003309,0.045811374999857435
9ee59ec9d385edc57c2b215599f0adcce0ff3871e593847360c37e1631e645db,1179926528,e2f31971c458a60fd6c29e8eca1393f792a53a1f190d080569f71d4b4eb23559,,0.005768208000063169,512,0.004072791999988112,2030,complete,1,0.05150379199994859,0.06849762499996359
9ee59ec9d385edc57c2b215599f0adcce0ff3871e593847360c37e1631e645db,1180024832,e2f31971c458a60fd6c29e8eca1393f792a53a1f190d080569f71d4b4eb23559,,0.006036208000068655,768,0.005815250000068772,2030,complete,1,0.09512691600002654,0.11507150000011279
9ee59ec9d385edc57c2b215599f0adcce0ff3871e593847360c37e1631e645db,1180090368,e2f31971c458a60fd6c29e8eca1393f792a53a1f190d080569f71d4b4eb23559,,0.007622083000114799,896,0.006575249999968946,2030,complete,1,0.11874783400003253,0.1429870839999694
9ee59ec9d385edc57c2b215599f0adcce0ff3871e593847360c37e1631e645db,1180106752,e2f31971c458a60fd6c29e8eca1393f792a53a1f190d080569f71d4b4eb23559,,0.0072563329999866255,960,0.007360374999962005,2030,complete,1,0.13206175000004805,0.15669950000005883
9ee59ec9d385edc57c2b215599f0adcce0ff3871e593847360c37e1631e645db,1180139520,e2f31971c458a60fd6c29e8eca1393f792a53a1f190d080569f71d4b4eb23559,,0.0071798329997818655,992,0.0071909999999206775,2030,complete,1,0.13917608299993844,0.165032999999994
9ee59ec9d385edc57c2b215599f0adcce0ff3871e593847360c37e1631e645db,1180172288,e2f31971c458a60fd6c29e8eca1393f792a53a1f190d080569f71d4b4eb23559,,0.007271749999972599,1023,0.009062958999948023,2030,complete,1,0.17204704200003107,0.19853424999996605
9ee59ec9d385edc57c2b215599f0adcce0ff3871e593847360c37e1631e645db,1180221440,e2f31971c458a60fd6c29e8eca1393f792a53a1f190d080569f71d4b4eb23559,,0.007050707999951555,1024,0.007953625000027387,2030,complete,1,0.1624455000001035,0.18693612499987466
9ee59ec9d385edc57c2b215599f0adcce0ff3871e593847360c37e1631e645db,1180270592,e2f31971c458a60fd6c29e8eca1393f792a53a1f190d080569f71d4b4eb23559,,0.007470708000028026,1025,0.008911375000025146,2030,complete,1,0.17773508300001595,0.2036750419999862
9ee59ec9d385edc57c2b215599f0adcce0ff3871e593847360c37e1631e645db,1180319744,e2f31971c458a60fd6c29e8eca1393f792a53a1f190d080569f71d4b4eb23559,,0.007416541999873516,1056,0.008018875000061598,2030,complete,1,0.18005091700001685,0.20792908300018098
9ee59ec9d385edc57c2b215599f0adcce0ff3871e593847360c37e1631e645db,1180352512,e2f31971c458a60fd6c29e8eca1393f792a53a1f190d080569f71d4b4eb23559,,0.007141709000052288,1088,0.008184040999822173,2030,complete,1,0.1863114579998637,0.21121558300001197
9ee59ec9d385edc57c2b215599f0adcce0ff3871e593847360c37e1631e645db,1180467200,e2f31971c458a60fd6c29e8eca1393f792a53a1f190d080569f71d4b4eb23559,,0.007384208000075887,1152,0.008690750000141634,2030,complete,1,0.19706387499991251,0.22325404100001833
9ee59ec9d385edc57c2b215599f0adcce0ff3871e593847360c37e1631e645db,1180532736,e2f31971c458a60fd6c29e8eca1393f792a53a1f190d080569f71d4b4eb23559,,0.0076472499999908905,1280,0.009758791999956884,2030,complete,1,0.2248906249999436,0.2525162500000988
9ee59ec9d385edc57c2b215599f0adcce0ff3871e593847360c37e1631e645db,1180532736,e2f31971c458a60fd6c29e8eca1393f792a53a1f190d080569f71d4b4eb23559,,0.008339291999845955,1536,0.01212262500007455,2030,complete,1,0.2730939169998692,0.3057418329999564
9ee59ec9d385edc57c2b215599f0adcce0ff3871e593847360c37e1631e645db,1180598272,e2f31971c458a60fd6c29e8eca1393f792a53a1f190d080569f71d4b4eb23559,,0.009341541000139841,2048,0.017784249999976964,2030,complete,1,0.35351570800003174,0.3956288750000567
9ee59ec9d385edc57c2b215599f0adcce0ff3871e593847360c37e1631e645db,1180663808,e2f31971c458a60fd6c29e8eca1393f792a53a1f190d080569f71d4b4eb23559,,0.01056070799995723,3072,0.020281500000010055,2030,complete,1,0.5385390420001386,0.5891963749998013
9ee59ec9d385edc57c2b215599f0adcce0ff3871e593847360c37e1631e645db,1180680192,e2f31971c458a60fd6c29e8eca1393f792a53a1f190d080569f71d4b4eb23559,,0.012994958000035695,4096,0.02793570800008638,2030,complete,1,0.6743702919998213,0.7401041670000268
9ee59ec9d385edc57c2b215599f0adcce0ff3871e593847360c37e1631e645db,1076461568,e2f31971c458a60fd6c29e8eca1393f792a53a1f190d080569f71d4b4eb23559,,0.01937358400004996,8192,0.062297459000092203,2030,complete,1,1.3448430000000826,1.4771235000000615
9ee59ec9d385edc57c2b215599f0adcce0ff3871e593847360c37e1631e645db,1076494336,e2f31971c458a60fd6c29e8eca1393f792a53a1f190d080569f71d4b4eb23559,,0.005646207999916442,64,0.0007835839999188465,2031,complete,1,0.002407915999810939,0.014299250000021857
9ee59ec9d385edc57c2b215599f0adcce0ff3871e593847360c37e1631e645db,1076559872,e2f31971c458a60fd6c29e8eca1393f792a53a1f190d080569f71d4b4eb23559,,0.005327166999904875,128,0.0012323329999617272,2031,complete,1,0.007394707999992534,0.01950808300011886
9ee59ec9d385edc57c2b215599f0adcce0ff3871e593847360c37e1631e645db,1076576256,e2f31971c458a60fd6c29e8eca1393f792a53a1f190d080569f71d4b4eb23559,,0.005145291999951951,256,0.0022194579998995323,2031,complete,1,0.017173834000004717,0.03112366599998495
9ee59ec9d385edc57c2b215599f0adcce0ff3871e593847360c37e1631e645db,1076609024,e2f31971c458a60fd6c29e8eca1393f792a53a1f190d080569f71d4b4eb23559,,0.006039042000111294,384,0.0030088749999777065,2031,complete,1,0.030561125000076572,0.046174166999890076
9ee59ec9d385edc57c2b215599f0adcce0ff3871e593847360c37e1631e645db,1076690944,e2f31971c458a60fd6c29e8eca1393f792a53a1f190d080569f71d4b4eb23559,,0.005929375000050641,512,0.004046541999969122,2031,complete,1,0.05215229199984606,0.06950116699999853
9ee59ec9d385edc57c2b215599f0adcce0ff3871e593847360c37e1631e645db,1076707328,e2f31971c458a60fd6c29e8eca1393f792a53a1f190d080569f71d4b4eb23559,,0.0065925839999181335,768,0.005765957999983584,2031,complete,1,0.09708854199993766,0.11735124999995605
9ee59ec9d385edc57c2b215599f0adcce0ff3871e593847360c37e1631e645db,1076756480,e2f31971c458a60fd6c29e8eca1393f792a53a1f190d080569f71d4b4eb23559,,0.006533042000000933,896,0.006771249999928841,2031,complete,1,0.12169841699983408,0.14394791699987763
9ee59ec9d385edc57c2b215599f0adcce0ff3871e593847360c37e1631e645db,1076854784,e2f31971c458a60fd6c29e8eca1393f792a53a1f190d080569f71d4b4eb23559,,0.007077416000129233,960,0.007262750000109008,2031,complete,1,0.1334676250000939,0.15655212500018933
9ee59ec9d385edc57c2b215599f0adcce0ff3871e593847360c37e1631e645db,1076887552,e2f31971c458a60fd6c29e8eca1393f792a53a1f190d080569f71d4b4eb23559,,0.007005040999956691,992,0.007408166999994137,2031,complete,1,0.14112833300009697,0.16468254100004742
9ee59ec9d385edc57c2b215599f0adcce0ff3871e593847360c37e1631e645db,1076936704,e2f31971c458a60fd6c29e8eca1393f792a53a1f190d080569f71d4b4eb23559,,0.007449208000025465,1023,0.008978167000122994,2031,complete,1,0.16601641699980973,0.19247774999985268
9ee59ec9d385edc57c2b215599f0adcce0ff3871e593847360c37e1631e645db,1076985856,e2f31971c458a60fd6c29e8eca1393f792a53a1f190d080569f71d4b4eb23559,,0.006942417000118439,1024,0.007890749999887703,2031,complete,1,0.16525316599995676,0.1900271669999256
9ee59ec9d385edc57c2b215599f0adcce0ff3871e593847360c37e1631e645db,1077035008,e2f31971c458a60fd6c29e8eca1393f792a53a1f190d080569f71d4b4eb23559,,0.0071812080000199785,1025,0.009167832999992243,2031,complete,1,0.1791331250001349,0.20536566600003425
9ee59ec9d385edc57c2b215599f0adcce0ff3871e593847360c37e1631e645db,1077133312,e2f31971c458a60fd6c29e8eca1393f792a53a1f190d080569f71d4b4eb23559,,0.007276416999957291,1056,0.007827167000186819,2031,complete,1,0.19153866699980426,0.21648149999987254
9ee59ec9d385edc57c2b215599f0adcce0ff3871e593847360c37e1631e645db,1077149696,e2f31971c458a60fd6c29e8eca1393f792a53a1f190d080569f71d4b4eb23559,,0.007377375000032771,1088,0.00818037500016544,2031,complete,1,0.18851108400008343,0.21414758299988534
9ee59ec9d385edc57c2b215599f0adcce0ff3871e593847360c37e1631e645db,1077198848,e2f31971c458a60fd6c29e8eca1393f792a53a1f190d080569f71d4b4eb23559,,0.007388999999875523,1152,0.008695915999851422,2031,complete,1,0.1975432090000595,0.2238389169999664
9ee59ec9d385edc57c2b215599f0adcce0ff3871e593847360c37e1631e645db,1077248000,e2f31971c458a60fd6c29e8eca1393f792a53a1f190d080569f71d4b4eb23559,,0.007732541999985187,1280,0.010031250000338332,2031,complete,1,0.22087166599999364,0.24952258299981622
9ee59ec9d385edc57c2b215599f0adcce0ff3871e593847360c37e1631e645db,1077313536,e2f31971c458a60fd6c29e8eca1393f792a53a1f190d080569f71d4b4eb23559,,0.00801383399993938,1536,0.012117624999973486,2031,complete,1,0.2766401250000854,0.3084143330002007
9ee59ec9d385edc57c2b215599f0adcce0ff3871e593847360c37e1631e645db,1077346304,e2f31971c458a60fd6c29e8eca1393f792a53a1f190d080569f71d4b4eb23559,,0.009062665999863384,2048,0.017783959000098548,2031,complete,1,0.353888083000129,0.3952182910002193
9ee59ec9d385edc57c2b215599f0adcce0ff3871e593847360c37e1631e645db,1077346304,e2f31971c458a60fd6c29e8eca1393f792a53a1f190d080569f71d4b4eb23559,,0.010864249999940512,3072,0.01997299999993629,2031,complete,1,0.5137689160001173,0.5630319159999999
9ee59ec9d385edc57c2b215599f0adcce0ff3871e593847360c37e1631e645db,1144487936,e2f31971c458a60fd6c29e8eca1393f792a53a1f190d080569f71d4b4eb23559,,0.01250987499997791,4096,0.03187758300009591,2031,complete,1,0.6762091660002625,0.7451588750000155
9ee59ec9d385edc57c2b215599f0adcce0ff3871e593847360c37e1631e645db,1144520704,e2f31971c458a60fd6c29e8eca1393f792a53a1f190d080569f71d4b4eb23559,,0.018840457999885984,8192,0.05761575000042285,2031,complete,1,1.327326790999905,1.452589208000063
9ee59ec9d385edc57c2b215599f0adcce0ff3871e593847360c37e1631e645db,1144520704,e2f31971c458a60fd6c29e8eca1393f792a53a1f190d080569f71d4b4eb23559,,0.005189292000068235,64,0.0008382920000258309,2032,complete,1,0.002455374999954074,0.014000125000166008
9ee59ec9d385edc57c2b215599f0adcce0ff3871e593847360c37e1631e645db,1144569856,e2f31971c458a60fd6c29e8eca1393f792a53a1f190d080569f71d4b4eb23559,,0.005082292000224697,128,0.001085166999928333,2032,complete,1,0.00665366700013692,0.018440208000356506
9ee59ec9d385edc57c2b215599f0adcce0ff3871e593847360c37e1631e645db,1144602624,e2f31971c458a60fd6c29e8eca1393f792a53a1f190d080569f71d4b4eb23559,,0.00565016700011256,256,0.0022237500002120214,2032,complete,1,0.016524875000413886,0.029980209000314062
9ee59ec9d385edc57c2b215599f0adcce0ff3871e593847360c37e1631e645db,1144651776,e2f31971c458a60fd6c29e8eca1393f792a53a1f190d080569f71d4b4eb23559,,0.005902874999719643,384,0.003013167000062822,2032,complete,1,0.028600749999895925,0.04337004200033334
9ee59ec9d385edc57c2b215599f0adcce0ff3871e593847360c37e1631e645db,1144668160,e2f31971c458a60fd6c29e8eca1393f792a53a1f190d080569f71d4b4eb23559,,0.006012374999954773,512,0.004012791000150173,2032,complete,1,0.05109020800000508,0.06812512499982404
9ee59ec9d385edc57c2b215599f0adcce0ff3871e593847360c37e1631e645db,1144668160,e2f31971c458a60fd6c29e8eca1393f792a53a1f190d080569f71d4b4eb23559,,0.006184332999964681,768,0.005552541000270139,2032,complete,1,0.09184774999994261,0.11145900000019537
9ee59ec9d385edc57c2b215599f0adcce0ff3871e593847360c37e1631e645db,1144733696,e2f31971c458a60fd6c29e8eca1393f792a53a1f190d080569f71d4b4eb23559,,0.006852625000192347,896,0.006402250000064669,2032,complete,1,0.11813149999989037,0.13977308300036384
9ee59ec9d385edc57c2b215599f0adcce0ff3871e593847360c37e1631e645db,1144766464,e2f31971c458a60fd6c29e8eca1393f792a53a1f190d080569f71d4b4eb23559,,0.006925415999830875,960,0.007133625000278698,2032,complete,1,0.13003491699964798,0.15340691600022183
9ee59ec9d385edc57c2b215599f0adcce0ff3871e593847360c37e1631e645db,1144815616,e2f31971c458a60fd6c29e8eca1393f792a53a1f190d080569f71d4b4eb23559,,0.007063874999857944,992,0.007431041000018013,2032,complete,1,0.13845499999979438,0.1619185419999667
9ee59ec9d385edc57c2b215599f0adcce0ff3871e593847360c37e1631e645db,1144832000,e2f31971c458a60fd6c29e8eca1393f792a53a1f190d080569f71d4b4eb23559,,0.007743916999970679,1023,0.008858042000156274,2032,complete,1,0.16539262499964025,0.1912828750000699
9ee59ec9d385edc57c2b215599f0adcce0ff3871e593847360c37e1631e645db,1144913920,e2f31971c458a60fd6c29e8eca1393f792a53a1f190d080569f71d4b4eb23559,,0.006778375000067172,1024,0.007911499999863736,2032,complete,1,0.16276987500032192,0.18710533399962515
9ee59ec9d385edc57c2b215599f0adcce0ff3871e593847360c37e1631e645db,1144963072,e2f31971c458a60fd6c29e8eca1393f792a53a1f190d080569f71d4b4eb23559,,0.007459583000127168,1025,0.009100415999910183,2032,complete,1,0.17823887500026103,0.20461887500005105
9ee59ec9d385edc57c2b215599f0adcce0ff3871e593847360c37e1631e645db,1145044992,e2f31971c458a60fd6c29e8eca1393f792a53a1f190d080569f71d4b4eb23559,,0.0073047910000241245,1056,0.007837042000119254,2032,complete,1,0.18108220800013441,0.20514629199988121
9ee59ec9d385edc57c2b215599f0adcce0ff3871e593847360c37e1631e645db,1145094144,e2f31971c458a60fd6c29e8eca1393f792a53a1f190d080569f71d4b4eb23559,,0.017676625000149215,1088,0.00823766700023043,2032,complete,1,0.18992400000024645,0.22528270799966776
9ee59ec9d385edc57c2b215599f0adcce0ff3871e593847360c37e1631e645db,1145143296,e2f31971c458a60fd6c29e8eca1393f792a53a1f190d080569f71d4b4eb23559,,0.007119916999727138,1152,0.008660416000111582,2032,complete,1,0.19802245900018534,0.2240034160004143
9ee59ec9d385edc57c2b215599f0adcce0ff3871e593847360c37e1631e645db,1145159680,e2f31971c458a60fd6c29e8eca1393f792a53a1f190d080569f71d4b4eb23559,,0.007423459000165167,1280,0.00993975000028513,2032,complete,1,0.22242400000004636,0.25072829100008676
9ee59ec9d385edc57c2b215599f0adcce0ff3871e593847360c37e1631e645db,1145192448,e2f31971c458a60fd6c29e8eca1393f792a53a1f190d080569f71d4b4eb23559,,0.008035666000068886,1536,0.011963458000082028,2032,complete,1,0.27921691700021256,0.3106823749999421
9ee59ec9d385edc57c2b215599f0adcce0ff3871e593847360c37e1631e645db,1145225216,e2f31971c458a60fd6c29e8eca1393f792a53a1f190d080569f71d4b4eb23559,,0.009339541999906942,2048,0.016883374999906664,2032,complete,1,0.34516041699998823,0.3850377080002545
9ee59ec9d385edc57c2b215599f0adcce0ff3871e593847360c37e1631e645db,1145274368,e2f31971c458a60fd6c29e8eca1393f792a53a1f190d080569f71d4b4eb23559,,0.010738749999745778,3072,0.020350459000383125,2032,complete,1,0.514952166999592,0.5655590420001317
9ee59ec9d385edc57c2b215599f0adcce0ff3871e593847360c37e1631e645db,1145356288,e2f31971c458a60fd6c29e8eca1393f792a53a1f190d080569f71d4b4eb23559,,0.012119459000132338,4096,0.028548958000101265,2032,complete,1,0.6755393749999712,0.7409179999999651
9ee59ec9d385edc57c2b215599f0adcce0ff3871e593847360c37e1631e645db,1145405440,e2f31971c458a60fd6c29e8eca1393f792a53a1f190d080569f71d4b4eb23559,,0.019345624999914435,8192,0.056414958000004845,2032,complete,1,1.3331337919998987,1.4594283750002432
9ee59ec9d385edc57c2b215599f0adcce0ff3871e593847360c37e1631e645db,1145438208,e2f31971c458a60fd6c29e8eca1393f792a53a1f190d080569f71d4b4eb23559,,0.005329875000370521,64,0.0007231670001601742,2033,complete,1,0.002440416999888839,0.014024124999650667
9ee59ec9d385edc57c2b215599f0adcce0ff3871e593847360c37e1631e645db,1145454592,e2f31971c458a60fd6c29e8eca1393f792a53a1f190d080569f71d4b4eb23559,,0.004941624999901251,128,0.0012479580000217538,2033,complete,1,0.006743041999925481,0.018271292000008543
9ee59ec9d385edc57c2b215599f0adcce0ff3871e593847360c37e1631e645db,1145470976,e2f31971c458a60fd6c29e8eca1393f792a53a1f190d080569f71d4b4eb23559,,0.005453583999951661,256,0.0021918340003139747,2033,complete,1,0.016976832999716862,0.030478749999929278
9ee59ec9d385edc57c2b215599f0adcce0ff3871e593847360c37e1631e645db,1145487360,e2f31971c458a60fd6c29e8eca1393f792a53a1f190d080569f71d4b4eb23559,,0.006385208000210696,384,0.0029263329997775145,2033,complete,1,0.028997082999921986,0.04406033299983392
9ee59ec9d385edc57c2b215599f0adcce0ff3871e593847360c37e1631e645db,1145487360,e2f31971c458a60fd6c29e8eca1393f792a53a1f190d080569f71d4b4eb23559,,0.006300375000137137,512,0.0038538750000043365,2033,complete,1,0.04938604199969632,0.06611679199977516
9ee59ec9d385edc57c2b215599f0adcce0ff3871e593847360c37e1631e645db,1145503744,e2f31971c458a60fd6c29e8eca1393f792a53a1f190d080569f71d4b4eb23559,,0.006412041000203317,768,0.005617416999939451,2033,complete,1,0.09226583399959054,0.11197012499997072
9ee59ec9d385edc57c2b215599f0adcce0ff3871e593847360c37e1631e645db,1145569280,e2f31971c458a60fd6c29e8eca1393f792a53a1f190d080569f71d4b4eb23559,,0.0064116670000657905,896,0.006777708000299754,2033,complete,1,0.12044479199994385,0.14373487500006377
9ee59ec9d385edc57c2b215599f0adcce0ff3871e593847360c37e1631e645db,1145602048,e2f31971c458a60fd6c29e8eca1393f792a53a1f190d080569f71d4b4eb23559,,0.00672549999990224,960,0.00751691599998594,2033,complete,1,0.13342895799996768,0.15734895800005688
9ee59ec9d385edc57c2b215599f0adcce0ff3871e593847360c37e1631e645db,1145651200,e2f31971c458a60fd6c29e8eca1393f792a53a1f190d080569f71d4b4eb23559,,0.006924708000042301,992,0.0074591249999684806,2033,complete,1,0.13981849999981932,0.16313404199991055
9ee59ec9d385edc57c2b215599f0adcce0ff3871e593847360c37e1631e645db,1145667584,e2f31971c458a60fd6c29e8eca1393f792a53a1f190d080569f71d4b4eb23559,,0.007465666999905807,1023,0.009170124999855034,2033,complete,1,0.16771974999983286,0.19463529099994048
9ee59ec9d385edc57c2b215599f0adcce0ff3871e593847360c37e1631e645db,1145683968,e2f31971c458a60fd6c29e8eca1393f792a53a1f190d080569f71d4b4eb23559,,0.007021667000117304,1024,0.00777404199970988,2033,complete,1,0.16494104100002005,0.18979154099997686
9ee59ec9d385edc57c2b215599f0adcce0ff3871e593847360c37e1631e645db,1145700352,e2f31971c458a60fd6c29e8eca1393f792a53a1f190d080569f71d4b4eb23559,,0.007269333000294864,1025,0.009104958000079932,2033,complete,1,0.17601550000017596,0.2020073329999832
9ee59ec9d385edc57c2b215599f0adcce0ff3871e593847360c37e1631e645db,1145733120,e2f31971c458a60fd6c29e8eca1393f792a53a1f190d080569f71d4b4eb23559,,0.007485041999643727,1056,0.007965875000081724,2033,complete,1,0.18249533300013354,0.2079503750001095
9ee59ec9d385edc57c2b215599f0adcce0ff3871e593847360c37e1631e645db,1145782272,e2f31971c458a60fd6c29e8eca1393f792a53a1f190d080569f71d4b4eb23559,,0.007411708000290673,1088,0.008415125000283297,2033,complete,1,0.1868487910001022,0.2121946659999594
9ee59ec9d385edc57c2b215599f0adcce0ff3871e593847360c37e1631e645db,1145798656,e2f31971c458a60fd6c29e8eca1393f792a53a1f190d080569f71d4b4eb23559,,0.007217834000130097,1152,0.008685833000072307,2033,complete,1,0.2006626249999499,0.22619699999995646
9ee59ec9d385edc57c2b215599f0adcce0ff3871e593847360c37e1631e645db,1145831424,e2f31971c458a60fd6c29e8eca1393f792a53a1f190d080569f71d4b4eb23559,,0.007494917000258283,1280,0.01003549999995812,2033,complete,1,0.22294087500040405,0.25174216699997487
9ee59ec9d385edc57c2b215599f0adcce0ff3871e593847360c37e1631e645db,1145864192,e2f31971c458a60fd6c29e8eca1393f792a53a1f190d080569f71d4b4eb23559,,0.008034875000248576,1536,0.012288917000205402,2033,complete,1,0.2774763749998783,0.3093587500002286
9ee59ec9d385edc57c2b215599f0adcce0ff3871e593847360c37e1631e645db,1145880576,e2f31971c458a60fd6c29e8eca1393f792a53a1f190d080569f71d4b4eb23559,,0.009250042000076064,2048,0.017342999999982567,2033,complete,1,0.3473826670001472,0.3879032089998873
9ee59ec9d385edc57c2b215599f0adcce0ff3871e593847360c37e1631e645db,1145880576,e2f31971c458a60fd6c29e8eca1393f792a53a1f190d080569f71d4b4eb23559,,0.0105579580003905,3072,0.020876833000329498,2033,complete,1,0.5162263340002937,0.5656234580001183
9ee59ec9d385edc57c2b215599f0adcce0ff3871e593847360c37e1631e645db,1145896960,e2f31971c458a60fd6c29e8eca1393f792a53a1f190d080569f71d4b4eb23559,,0.012198542000078305,4096,0.028378832999806036,2033,complete,1,0.6743456250001145,0.7392295409999861
9ee59ec9d385edc57c2b215599f0adcce0ff3871e593847360c37e1631e645db,1145913344,e2f31971c458a60fd6c29e8eca1393f792a53a1f190d080569f71d4b4eb23559,,0.01872975000014776,8192,0.05699358299989399,2033,complete,1,1.3575065410000207,1.4846102080000492
9ee59ec9d385edc57c2b215599f0adcce0ff3871e593847360c37e1631e645db,1145962496,e2f31971c458a60fd6c29e8eca1393f792a53a1f190d080569f71d4b4eb23559,,0.005599999999958527,64,0.0007887090000622266,2034,complete,1,0.0024399579997407272,0.014038791000075435
9ee59ec9d385edc57c2b215599f0adcce0ff3871e593847360c37e1631e645db,1146011648,e2f31971c458a60fd6c29e8eca1393f792a53a1f190d080569f71d4b4eb23559,,0.0053299999999580905,128,0.0012861659997724928,2034,complete,1,0.00724954199995409,0.01932287499994345
9ee59ec9d385edc57c2b215599f0adcce0ff3871e593847360c37e1631e645db,1146011648,e2f31971c458a60fd6c29e8eca1393f792a53a1f190d080569f71d4b4eb23559,,0.005335374999958731,256,0.002317750000202068,2034,complete,1,0.01703770899985102,0.03045916600012788
9ee59ec9d385edc57c2b215599f0adcce0ff3871e593847360c37e1631e645db,1146077184,e2f31971c458a60fd6c29e8eca1393f792a53a1f190d080569f71d4b4eb23559,,0.00551999999970576,384,0.002891582999836828,2034,complete,1,0.029826875000253494,0.044855957999971
9ee59ec9d385edc57c2b215599f0adcce0ff3871e593847360c37e1631e645db,1146159104,e2f31971c458a60fd6c29e8eca1393f792a53a1f190d080569f71d4b4eb23559,,0.006304708999778086,512,0.004106625000076747,2034,complete,1,0.05193424999970375,0.06947995800010176
9ee59ec9d385edc57c2b215599f0adcce0ff3871e593847360c37e1631e645db,1146191872,e2f31971c458a60fd6c29e8eca1393f792a53a1f190d080569f71d4b4eb23559,,0.006611499999962689,768,0.005729458000132581,2034,complete,1,0.09996779200037054,0.12127137500010576
9ee59ec9d385edc57c2b215599f0adcce0ff3871e593847360c37e1631e645db,1146224640,e2f31971c458a60fd6c29e8eca1393f792a53a1f190d080569f71d4b4eb23559,,0.006731917000251997,896,0.0067686249999496795,2034,complete,1,0.12117379200026335,0.14356599999973696
9ee59ec9d385edc57c2b215599f0adcce0ff3871e593847360c37e1631e645db,1146290176,e2f31971c458a60fd6c29e8eca1393f792a53a1f190d080569f71d4b4eb23559,,0.006984624999859079,960,0.007527124999796797,2034,complete,1,0.13323333300013473,0.15740291699967202
9ee59ec9d385edc57c2b215599f0adcce0ff3871e593847360c37e1631e645db,1146306560,e2f31971c458a60fd6c29e8eca1393f792a53a1f190d080569f71d4b4eb23559,,0.007168541999817535,992,0.007463999999799853,2034,complete,1,0.14091808400007722,0.16483041699984824
9ee59ec9d385edc57c2b215599f0adcce0ff3871e593847360c37e1631e645db,1146404864,e2f31971c458a60fd6c29e8eca1393f792a53a1f190d080569f71d4b4eb23559,,0.007241457999953127,1023,0.008896249999907013,2034,complete,1,0.16506100000015067,0.19109016599986717
9ee59ec9d385edc57c2b215599f0adcce0ff3871e593847360c37e1631e645db,1146437632,e2f31971c458a60fd6c29e8eca1393f792a53a1f190d080569f71d4b4eb23559,,0.0069226659998093965,1024,0.007966292000219255,2034,complete,1,0.1621044579997033,0.18628529199986588
9ee59ec9d385edc57c2b215599f0adcce0ff3871e593847360c37e1631e645db,1146454016,e2f31971c458a60fd6c29e8eca1393f792a53a1f190d080569f71d4b4eb23559,,0.0071663749999970605,1025,0.009070583999800874,2034,complete,1,0.18108583299999736,0.2072344170001088
9ee59ec9d385edc57c2b215599f0adcce0ff3871e593847360c37e1631e645db,1146470400,e2f31971c458a60fd6c29e8eca1393f792a53a1f190d080569f71d4b4eb23559,,0.007268708000083279,1056,0.008000042000276153,2034,complete,1,0.182006416999684,0.20768095899984473
9ee59ec9d385edc57c2b215599f0adcce0ff3871e593847360c37e1631e645db,1146470400,e2f31971c458a60fd6c29e8eca1393f792a53a1f190d080569f71d4b4eb23559,,0.007122291000086989,1088,0.008113249999951222,2034,complete,1,0.18893579199993837,0.21406795800021428
9ee59ec9d385edc57c2b215599f0adcce0ff3871e593847360c37e1631e645db,1146519552,e2f31971c458a60fd6c29e8eca1393f792a53a1f190d080569f71d4b4eb23559,,0.00701824999987366,1152,0.008561833999920054,2034,complete,1,0.196410042000025,0.22213900000042486
9ee59ec9d385edc57c2b215599f0adcce0ff3871e593847360c37e1631e645db,1146552320,e2f31971c458a60fd6c29e8eca1393f792a53a1f190d080569f71d4b4eb23559,,0.007510416999593872,1280,0.009984917000110727,2034,complete,1,0.2261533750001945,0.2547188329999699
9ee59ec9d385edc57c2b215599f0adcce0ff3871e593847360c37e1631e645db,1146601472,e2f31971c458a60fd6c29e8eca1393f792a53a1f190d080569f71d4b4eb23559,,0.007819874999768217,1536,0.012199917000089044,2034,complete,1,0.2813982079997004,0.3130973749998702
9ee59ec9d385edc57c2b215599f0adcce0ff3871e593847360c37e1631e645db,1146617856,e2f31971c458a60fd6c29e8eca1393f792a53a1f190d080569f71d4b4eb23559,,0.009290500000133761,2048,0.016837082999700215,2034,complete,1,0.3397021250002581,0.3790384579997408
9ee59ec9d385edc57c2b215599f0adcce0ff3871e593847360c37e1631e645db,1146650624,e2f31971c458a60fd6c29e8eca1393f792a53a1f190d080569f71d4b4eb23559,,0.010923499999989872,3072,0.021349457999804144,2034,complete,1,0.5409515409996857,0.5926963749998322
9ee59ec9d385edc57c2b215599f0adcce0ff3871e593847360c37e1631e645db,1146683392,e2f31971c458a60fd6c29e8eca1393f792a53a1f190d080569f71d4b4eb23559,,0.01220858299984684,4096,0.02787629200020092,2034,complete,1,0.6750567500002944,0.7405952920003074
9ee59ec9d385edc57c2b215599f0adcce0ff3871e593847360c37e1631e645db,1146683392,e2f31971c458a60fd6c29e8eca1393f792a53a1f190d080569f71d4b4eb23559,,0.019005083999672934,8192,0.05693912500009901,2034,complete,1,1.3257005410000602,1.4514762499998142
9ee59ec9d385edc57c2b215599f0adcce0ff3871e593847360c37e1631e645db,1146732544,e2f31971c458a60fd6c29e8eca1393f792a53a1f190d080569f71d4b4eb23559,,0.005794499999865366,64,0.0007674579997001274,2035,complete,1,0.002428000000236352,0.014767333000236249
9ee59ec9d385edc57c2b215599f0adcce0ff3871e593847360c37e1631e645db,1146765312,e2f31971c458a60fd6c29e8eca1393f792a53a1f190d080569f71d4b4eb23559,,0.005388666999806446,128,0.0012529169998742873,2035,complete,1,0.007028791999800887,0.019130125000174303
9ee59ec9d385edc57c2b215599f0adcce0ff3871e593847360c37e1631e645db,1146830848,e2f31971c458a60fd6c29e8eca1393f792a53a1f190d080569f71d4b4eb23559,,0.005413665999640216,256,0.002148208000107843,2035,complete,1,0.01730500000030588,0.031004208000013023
9ee59ec9d385edc57c2b215599f0adcce0ff3871e593847360c37e1631e645db,1146830848,e2f31971c458a60fd6c29e8eca1393f792a53a1f190d080569f71d4b4eb23559,,0.005588333999639872,384,0.003025624999736465,2035,complete,1,0.029901041999892186,0.04481687499992404
9ee59ec9d385edc57c2b215599f0adcce0ff3871e593847360c37e1631e645db,1146847232,e2f31971c458a60fd6c29e8eca1393f792a53a1f190d080569f71d4b4eb23559,,0.005820625000069413,512,0.0038242499999796564,2035,complete,1,0.05176391699978922,0.06831795800007967
9ee59ec9d385edc57c2b215599f0adcce0ff3871e593847360c37e1631e645db,1146896384,e2f31971c458a60fd6c29e8eca1393f792a53a1f190d080569f71d4b4eb23559,,0.006398832999821025,768,0.005685000000084983,2035,complete,1,0.09598999999980151,0.11608287499984726
9ee59ec9d385edc57c2b215599f0adcce0ff3871e593847360c37e1631e645db,1146961920,e2f31971c458a60fd6c29e8eca1393f792a53a1f190d080569f71d4b4eb23559,,0.006889459000376519,896,0.006703833999836206,2035,complete,1,0.11948633400015751,0.14307295899970995
9ee59ec9d385edc57c2b215599f0adcce0ff3871e593847360c37e1631e645db,1146978304,e2f31971c458a60fd6c29e8eca1393f792a53a1f190d080569f71d4b4eb23559,,0.006948041999748966,960,0.0073172079996766115,2035,complete,1,0.13265774999990754,0.1562179580000702
9ee59ec9d385edc57c2b215599f0adcce0ff3871e593847360c37e1631e645db,1146978304,e2f31971c458a60fd6c29e8eca1393f792a53a1f190d080569f71d4b4eb23559,,0.0070565830001214636,992,0.007331540999985009,2035,complete,1,0.1405644590004158,0.16406083299989405
9ee59ec9d385edc57c2b215599f0adcce0ff3871e593847360c37e1631e645db,1147027456,e2f31971c458a60fd6c29e8eca1393f792a53a1f190d080569f71d4b4eb23559,,0.0074208330001965805,1023,0.008887457999662729,2035,complete,1,0.16633383300040805,0.1923520830000598
9ee59ec9d385edc57c2b215599f0adcce0ff3871e593847360c37e1631e645db,1147043840,e2f31971c458a60fd6c29e8eca1393f792a53a1f190d080569f71d4b4eb23559,,0.007089249999808089,1024,0.00787508399980652,2035,complete,1,0.16347774999985631,0.18843433300025936
9ee59ec9d385edc57c2b215599f0adcce0ff3871e593847360c37e1631e645db,1147060224,e2f31971c458a60fd6c29e8eca1393f792a53a1f190d080569f71d4b4eb23559,,0.007277582999904553,1025,0.009237959000074625,2035,complete,1,0.17616970800008858,0.20230033300003925
9ee59ec9d385edc57c2b215599f0adcce0ff3871e593847360c37e1631e645db,1147092992,e2f31971c458a60fd6c29e8eca1393f792a53a1f190d080569f71d4b4eb23559,,0.007190041999820096,1056,0.008041540999784047,2035,complete,1,0.18268904199976532,0.20816149999973277
9ee59ec9d385edc57c2b215599f0adcce0ff3871e593847360c37e1631e645db,1147092992,e2f31971c458a60fd6c29e8eca1393f792a53a1f190d080569f71d4b4eb23559,,0.007170542000039859,1088,0.008292083000014827,2035,complete,1,0.18987187499988067,0.2150671669996882
9ee59ec9d385edc57c2b215599f0adcce0ff3871e593847360c37e1631e645db,1147109376,e2f31971c458a60fd6c29e8eca1393f792a53a1f190d080569f71d4b4eb23559,,0.007097915999565885,1152,0.008810541000002559,2035,complete,1,0.20018449999997756,0.2262689170001977
9ee59ec9d385edc57c2b215599f0adcce0ff3871e593847360c37e1631e645db,1147158528,e2f31971c458a60fd6c29e8eca1393f792a53a1f190d080569f71d4b4eb23559,,0.007600749999710388,1280,0.00978620800015051,2035,complete,1,0.2259543330001179,0.2539615830000912
9ee59ec9d385edc57c2b215599f0adcce0ff3871e593847360c37e1631e645db,1147158528,e2f31971c458a60fd6c29e8eca1393f792a53a1f190d080569f71d4b4eb23559,,0.00817800000004354,1536,0.011929916000099183,2035,complete,1,0.2700955000000249,0.3017567079996297
9ee59ec9d385edc57c2b215599f0adcce0ff3871e593847360c37e1631e645db,994361344,e2f31971c458a60fd6c29e8eca1393f792a53a1f190d080569f71d4b4eb23559,,0.009427791999769397,2048,0.019179875000190805,2035,complete,1,0.3463392919998114,0.38849662499978876
9ee59ec9d385edc57c2b215599f0adcce0ff3871e593847360c37e1631e645db,994361344,e2f31971c458a60fd6c29e8eca1393f792a53a1f190d080569f71d4b4eb23559,,0.010493124999811698,3072,0.020338416999948095,2035,complete,1,0.5146266659999128,0.5633186250001927
9ee59ec9d385edc57c2b215599f0adcce0ff3871e593847360c37e1631e645db,1027915776,e2f31971c458a60fd6c29e8eca1393f792a53a1f190d080569f71d4b4eb23559,,0.011985749999894324,4096,0.029309166000075493,2035,complete,1,0.6775885829997605,0.7448285840000608
9ee59ec9d385edc57c2b215599f0adcce0ff3871e593847360c37e1631e645db,1095057408,e2f31971c458a60fd6c29e8eca1393f792a53a1f190d080569f71d4b4eb23559,,0.01924025000016627,8192,0.06113154200011195,2035,complete,1,1.336701209000239,1.4665670419999515
